date,lang,label_GR,v2_NWO,subplatform,counts,platform
2011-01-31,ger,1,0,SZ,1,legnews
2011-02-01,ger,0,0,SZ,1,legnews
2011-02-01,ger,1,0,SZ,2,legnews
2011-02-02,ger,0,0,SZ,1,legnews
2011-02-02,ger,1,1,SZ,1,legnews
2011-02-03,ger,0,0,SZ,5,legnews
2011-02-04,ger,0,0,SZ,1,legnews
2011-02-04,ger,1,0,SZ,1,legnews
2011-02-05,ger,0,0,SZ,3,legnews
2011-02-07,ger,0,0,SZ,1,legnews
2011-02-08,ger,0,0,SZ,1,legnews
2011-02-09,ger,0,0,SZ,1,legnews
2011-02-10,ger,0,0,SZ,2,legnews
2011-02-11,ger,0,0,SZ,2,legnews
2011-02-14,ger,0,0,SZ,3,legnews
2011-02-15,ger,0,0,SZ,7,legnews
2011-02-15,ger,1,0,SZ,5,legnews
2011-02-16,ger,0,0,SZ,11,legnews
2011-02-16,ger,1,0,SZ,2,legnews
2011-02-17,ger,0,0,SZ,5,legnews
2011-02-17,ger,1,0,SZ,4,legnews
2011-02-18,ger,0,0,SZ,12,legnews
2011-02-18,ger,1,0,SZ,1,legnews
2011-02-19,ger,0,0,SZ,12,legnews
2011-02-19,ger,1,0,SZ,3,legnews
2011-02-21,ger,0,0,SZ,10,legnews
2011-02-21,ger,1,0,SZ,3,legnews
2011-02-22,ger,0,0,SZ,6,legnews
2011-02-22,ger,1,0,SZ,4,legnews
2011-02-23,ger,0,0,SZ,11,legnews
2011-02-23,ger,1,0,SZ,5,legnews
2011-02-24,ger,0,0,SZ,8,legnews
2011-02-24,ger,1,0,SZ,1,legnews
2011-02-25,ger,0,0,SZ,8,legnews
2011-02-25,ger,1,0,SZ,3,legnews
2011-02-26,ger,0,0,SZ,1,legnews
2011-02-26,ger,1,0,SZ,2,legnews
2011-02-28,ger,0,0,SZ,3,legnews
2011-02-28,ger,0,1,SZ,1,legnews
2011-02-28,ger,1,0,SZ,1,legnews
2011-03-02,ger,0,0,SZ,1,legnews
2011-03-03,ger,0,0,SZ,4,legnews
2011-03-03,ger,1,0,SZ,3,legnews
2011-03-04,ger,0,0,SZ,2,legnews
2011-03-04,ger,1,0,SZ,1,legnews
2011-03-05,ger,0,0,SZ,2,legnews
2011-03-05,ger,0,1,SZ,1,legnews
2011-03-07,ger,0,0,SZ,1,legnews
2011-03-07,ger,1,0,SZ,1,legnews
2011-03-08,ger,1,0,SZ,1,legnews
2011-03-09,ger,0,0,SZ,1,legnews
2011-03-10,ger,0,0,SZ,1,legnews
2011-03-10,ger,1,0,SZ,2,legnews
2011-03-11,ger,0,0,SZ,1,legnews
2011-03-12,ger,0,0,SZ,3,legnews
2011-03-14,ger,0,0,SZ,1,legnews
2011-03-14,ger,1,0,SZ,1,legnews
2011-03-15,ger,0,0,SZ,1,legnews
2011-03-15,ger,1,0,SZ,1,legnews
2011-03-17,ger,0,0,SZ,1,legnews
2011-03-18,ger,0,0,SZ,2,legnews
2011-03-18,ger,1,0,SZ,2,legnews
2011-03-19,ger,0,0,SZ,8,legnews
2011-03-19,ger,1,0,SZ,2,legnews
2011-03-21,ger,0,0,SZ,5,legnews
2011-03-21,ger,1,0,SZ,2,legnews
2011-03-22,ger,0,0,SZ,5,legnews
2011-03-22,ger,1,0,SZ,1,legnews
2011-03-23,ger,0,0,SZ,8,legnews
2011-03-23,ger,1,0,SZ,2,legnews
2011-03-24,ger,0,0,SZ,9,legnews
2011-03-24,ger,1,0,SZ,1,legnews
2011-03-25,ger,0,0,SZ,4,legnews
2011-03-25,ger,1,0,SZ,1,legnews
2011-03-26,ger,0,0,SZ,10,legnews
2011-03-26,ger,1,0,SZ,3,legnews
2011-03-28,ger,0,0,SZ,9,legnews
2011-03-28,ger,1,0,SZ,3,legnews
2011-03-29,ger,0,0,SZ,5,legnews
2011-03-29,ger,1,0,SZ,2,legnews
2011-03-30,ger,0,0,SZ,9,legnews
2011-03-30,ger,1,0,SZ,1,legnews
2011-03-31,ger,0,0,SZ,5,legnews
2011-03-31,ger,1,0,SZ,3,legnews
2011-05-28,ger,0,0,SZ,6,legnews
2011-05-28,ger,1,0,SZ,1,legnews
2011-05-30,ger,0,0,SZ,3,legnews
2011-05-30,ger,1,0,SZ,4,legnews
2011-05-31,ger,0,0,SZ,6,legnews
2011-05-31,ger,1,0,SZ,1,legnews
2011-06-01,ger,0,0,SZ,9,legnews
2011-06-01,ger,1,0,SZ,3,legnews
2011-06-03,ger,0,0,SZ,5,legnews
2011-06-03,ger,1,0,SZ,3,legnews
2011-06-04,ger,0,0,SZ,8,legnews
2011-06-04,ger,1,0,SZ,3,legnews
2011-06-06,ger,0,0,SZ,9,legnews
2011-06-06,ger,1,0,SZ,2,legnews
2011-06-07,ger,0,0,SZ,6,legnews
2011-06-07,ger,1,0,SZ,3,legnews
2011-06-08,ger,0,0,SZ,8,legnews
2011-06-08,ger,1,0,SZ,1,legnews
2011-06-09,ger,0,0,SZ,5,legnews
2011-06-10,ger,0,0,SZ,7,legnews
2011-06-10,ger,1,0,SZ,1,legnews
2011-06-11,ger,0,0,SZ,7,legnews
2011-06-14,ger,0,0,SZ,7,legnews
2011-06-14,ger,1,0,SZ,2,legnews
2011-06-15,ger,0,0,SZ,4,legnews
2011-06-15,ger,1,0,SZ,8,legnews
2011-06-16,ger,0,0,SZ,9,legnews
2011-06-16,ger,1,0,SZ,1,legnews
2011-06-17,ger,0,0,SZ,4,legnews
2011-06-17,ger,1,0,SZ,3,legnews
2011-06-18,ger,0,0,SZ,12,legnews
2011-06-18,ger,1,0,SZ,4,legnews
2011-06-20,ger,0,0,SZ,10,legnews
2011-06-20,ger,1,0,SZ,4,legnews
2011-06-21,ger,0,0,SZ,9,legnews
2011-06-21,ger,1,0,SZ,1,legnews
2011-06-22,ger,0,0,SZ,7,legnews
2011-06-22,ger,1,0,SZ,4,legnews
2011-06-22,ger,1,1,SZ,1,legnews
2011-06-24,ger,0,0,SZ,3,legnews
2011-06-24,ger,1,0,SZ,2,legnews
2011-07-19,ger,0,0,SZ,5,legnews
2011-07-20,ger,0,0,SZ,10,legnews
2011-07-20,ger,1,0,SZ,2,legnews
2011-07-21,ger,0,0,SZ,12,legnews
2011-07-21,ger,1,0,SZ,2,legnews
2011-07-22,ger,0,0,SZ,8,legnews
2011-07-22,ger,1,0,SZ,2,legnews
2011-07-23,ger,0,0,SZ,7,legnews
2011-07-23,ger,1,0,SZ,4,legnews
2011-07-25,ger,0,0,SZ,12,legnews
2011-07-25,ger,1,0,SZ,1,legnews
2011-07-26,ger,0,0,SZ,11,legnews
2011-07-27,ger,0,0,SZ,2,legnews
2011-07-27,ger,0,1,SZ,1,legnews
2011-07-27,ger,1,0,SZ,3,legnews
2011-07-29,ger,1,0,SZ,1,legnews
2011-07-30,ger,0,0,SZ,13,legnews
2011-07-30,ger,1,0,SZ,5,legnews
2011-08-01,ger,0,0,SZ,4,legnews
2011-08-01,ger,1,0,SZ,5,legnews
2011-08-02,ger,0,0,SZ,8,legnews
2011-08-02,ger,1,0,SZ,2,legnews
2011-08-03,ger,0,0,SZ,3,legnews
2011-08-04,ger,0,0,SZ,9,legnews
2011-08-04,ger,1,0,SZ,5,legnews
2011-08-05,ger,0,0,SZ,10,legnews
2011-08-05,ger,1,0,SZ,3,legnews
2011-08-06,ger,0,0,SZ,12,legnews
2011-08-06,ger,1,0,SZ,2,legnews
2011-08-08,ger,0,0,SZ,4,legnews
2011-08-09,ger,0,0,SZ,7,legnews
2011-08-09,ger,0,1,SZ,1,legnews
2011-08-10,ger,0,0,SZ,8,legnews
2011-08-11,ger,0,0,SZ,3,legnews
2011-08-11,ger,1,0,SZ,2,legnews
2011-08-12,ger,0,0,SZ,6,legnews
2011-08-12,ger,1,0,SZ,1,legnews
2011-08-16,ger,0,0,SZ,2,legnews
2011-08-17,ger,0,0,SZ,1,legnews
2011-08-17,ger,1,0,SZ,1,legnews
2011-08-19,ger,0,0,SZ,1,legnews
2011-08-20,ger,0,0,SZ,1,legnews
2011-08-22,ger,0,0,SZ,2,legnews
2011-08-22,ger,1,0,SZ,1,legnews
2011-08-23,ger,0,0,SZ,1,legnews
2011-08-24,ger,0,0,SZ,2,legnews
2011-08-24,ger,1,0,SZ,2,legnews
2011-08-25,ger,1,0,SZ,1,legnews
2011-08-26,ger,0,0,SZ,4,legnews
2011-08-27,ger,0,0,SZ,3,legnews
2011-08-29,ger,1,0,SZ,1,legnews
2011-08-30,ger,1,0,SZ,1,legnews
2011-08-31,ger,0,0,SZ,3,legnews
2011-09-01,ger,0,1,SZ,1,legnews
2011-09-02,ger,0,0,SZ,3,legnews
2011-09-03,ger,0,0,SZ,2,legnews
2011-09-05,ger,0,0,SZ,1,legnews
2011-09-05,ger,1,0,SZ,2,legnews
2011-09-06,ger,1,0,SZ,1,legnews
2011-09-07,ger,0,0,SZ,2,legnews
2011-09-07,ger,1,0,SZ,1,legnews
2011-09-08,ger,0,0,SZ,3,legnews
2011-09-09,ger,1,0,SZ,1,legnews
2011-09-10,ger,0,0,SZ,3,legnews
2011-09-12,ger,0,0,SZ,2,legnews
2011-09-12,ger,1,0,SZ,1,legnews
2011-09-15,ger,0,0,SZ,1,legnews
2011-09-15,ger,1,0,SZ,1,legnews
2011-09-16,ger,0,0,SZ,3,legnews
2011-09-16,ger,1,0,SZ,1,legnews
2011-09-17,ger,0,0,SZ,2,legnews
2011-09-19,ger,1,0,SZ,1,legnews
2011-09-20,ger,0,0,SZ,4,legnews
2011-09-20,ger,1,0,SZ,1,legnews
2011-09-21,ger,0,0,SZ,1,legnews
2011-09-22,ger,0,0,SZ,1,legnews
2011-09-23,ger,0,0,SZ,2,legnews
2011-09-24,ger,0,0,SZ,15,legnews
2011-09-24,ger,1,0,SZ,3,legnews
2011-09-26,ger,0,0,SZ,7,legnews
2011-09-26,ger,1,0,SZ,5,legnews
2011-09-27,ger,0,0,SZ,10,legnews
2011-09-27,ger,1,0,SZ,4,legnews
2011-09-28,ger,0,0,SZ,14,legnews
2011-09-28,ger,1,0,SZ,4,legnews
2011-09-29,ger,0,0,SZ,14,legnews
2011-09-29,ger,1,0,SZ,2,legnews
2011-09-30,ger,0,0,SZ,8,legnews
2011-09-30,ger,1,0,SZ,6,legnews
2011-10-01,ger,0,0,SZ,16,legnews
2011-10-01,ger,1,0,SZ,6,legnews
2011-10-04,ger,0,0,SZ,1,legnews
2011-10-04,ger,1,0,SZ,1,legnews
2011-10-05,ger,0,0,SZ,2,legnews
2011-10-06,ger,0,0,SZ,1,legnews
2011-10-07,ger,0,0,SZ,8,legnews
2011-10-08,ger,0,0,SZ,2,legnews
2011-10-08,ger,1,0,SZ,1,legnews
2011-10-10,ger,0,0,SZ,3,legnews
2011-10-10,ger,1,0,SZ,1,legnews
2011-10-11,ger,0,0,SZ,3,legnews
2011-10-11,ger,1,0,SZ,3,legnews
2011-10-13,ger,0,0,SZ,1,legnews
2011-10-14,ger,0,0,SZ,1,legnews
2011-10-15,ger,0,0,SZ,3,legnews
2011-10-17,ger,0,0,SZ,1,legnews
2011-10-18,ger,0,0,SZ,3,legnews
2011-10-18,ger,1,0,SZ,1,legnews
2011-10-20,ger,0,0,SZ,2,legnews
2011-10-20,ger,1,0,SZ,1,legnews
2011-10-22,ger,0,0,SZ,1,legnews
2011-10-25,ger,1,0,SZ,1,legnews
2011-10-26,ger,1,0,SZ,2,legnews
2011-10-29,ger,1,0,SZ,1,legnews
2011-11-02,ger,1,0,SZ,1,legnews
2011-11-03,ger,0,0,SZ,1,legnews
2011-11-04,ger,0,0,SZ,2,legnews
2011-11-05,ger,0,0,SZ,6,legnews
2011-11-05,ger,1,0,SZ,1,legnews
2011-11-07,ger,0,0,SZ,8,legnews
2011-11-07,ger,1,0,SZ,2,legnews
2011-11-08,ger,0,0,SZ,9,legnews
2011-11-08,ger,1,0,SZ,5,legnews
2011-11-09,ger,0,0,SZ,10,legnews
2011-11-09,ger,1,0,SZ,2,legnews
2011-11-10,ger,0,0,SZ,5,legnews
2011-11-10,ger,1,0,SZ,2,legnews
2011-11-11,ger,0,0,SZ,12,legnews
2011-11-11,ger,1,0,SZ,6,legnews
2011-11-12,ger,0,0,SZ,4,legnews
2011-11-12,ger,1,0,SZ,2,legnews
2011-11-14,ger,0,0,SZ,6,legnews
2011-11-14,ger,1,0,SZ,1,legnews
2011-11-15,ger,0,0,SZ,7,legnews
2011-11-15,ger,1,0,SZ,5,legnews
2011-11-16,ger,0,0,SZ,10,legnews
2011-11-16,ger,1,0,SZ,4,legnews
2011-11-17,ger,0,0,SZ,4,legnews
2011-11-17,ger,1,0,SZ,1,legnews
2011-11-21,ger,1,0,SZ,1,legnews
2011-11-22,ger,0,0,SZ,1,legnews
2011-11-22,ger,1,0,SZ,1,legnews
2011-11-23,ger,0,0,SZ,2,legnews
2011-11-25,ger,0,0,SZ,1,legnews
2011-11-28,ger,0,0,SZ,1,legnews
2011-11-30,ger,0,0,SZ,2,legnews
2011-11-30,ger,1,0,SZ,1,legnews
2011-12-01,ger,0,0,SZ,2,legnews
2011-12-01,ger,1,0,SZ,3,legnews
2011-12-02,ger,0,0,SZ,2,legnews
2011-12-03,ger,0,0,SZ,3,legnews
2011-12-05,ger,0,0,SZ,1,legnews
2011-12-06,ger,0,0,SZ,1,legnews
2011-12-08,ger,0,0,SZ,1,legnews
2011-12-12,ger,1,0,SZ,1,legnews
2011-12-13,ger,0,0,SZ,1,legnews
2011-12-13,ger,1,0,SZ,1,legnews
2011-12-14,ger,0,0,SZ,1,legnews
2011-12-14,ger,1,0,SZ,1,legnews
2011-12-15,ger,0,0,SZ,1,legnews
2011-12-16,ger,0,0,SZ,1,legnews
2011-12-17,ger,1,0,SZ,1,legnews
2011-12-19,ger,0,0,SZ,1,legnews
2011-12-22,ger,0,0,SZ,1,legnews
2011-12-27,ger,0,0,SZ,1,legnews
2011-12-29,ger,0,0,SZ,2,legnews
2011-12-29,ger,1,0,SZ,1,legnews
2011-12-30,ger,0,0,SZ,2,legnews
2011-12-30,ger,1,0,SZ,1,legnews
2011-12-31,ger,0,0,SZ,2,legnews
2012-07-16,ger,0,0,SZ,2,legnews
2012-07-17,ger,0,0,SZ,11,legnews
2012-07-17,ger,1,0,SZ,4,legnews
2012-07-18,ger,0,0,SZ,6,legnews
2012-07-18,ger,1,0,SZ,5,legnews
2012-07-19,ger,0,0,SZ,6,legnews
2012-07-19,ger,1,0,SZ,8,legnews
2012-07-20,ger,0,0,SZ,4,legnews
2012-07-20,ger,1,0,SZ,2,legnews
2012-08-30,ger,0,0,SZ,8,legnews
2012-08-30,ger,1,0,SZ,2,legnews
2012-08-31,ger,0,0,SZ,8,legnews
2012-08-31,ger,1,0,SZ,1,legnews
2012-09-05,ger,0,0,SZ,2,legnews
2012-09-06,ger,0,0,SZ,9,legnews
2012-09-06,ger,1,0,SZ,3,legnews
2012-09-07,ger,0,0,SZ,5,legnews
2012-09-07,ger,1,0,SZ,3,legnews
2012-09-08,ger,0,0,SZ,9,legnews
2012-09-08,ger,0,1,SZ,1,legnews
2012-09-08,ger,1,0,SZ,6,legnews
2012-09-10,ger,0,0,SZ,8,legnews
2012-09-10,ger,1,0,SZ,4,legnews
2012-09-11,ger,0,0,SZ,7,legnews
2012-09-11,ger,1,0,SZ,1,legnews
2012-09-12,ger,0,0,SZ,6,legnews
2012-09-12,ger,1,0,SZ,1,legnews
2012-09-13,ger,0,0,SZ,4,legnews
2012-09-13,ger,1,0,SZ,4,legnews
2012-09-14,ger,0,0,SZ,4,legnews
2012-09-14,ger,1,0,SZ,3,legnews
2012-09-15,ger,0,0,SZ,7,legnews
2012-09-15,ger,1,0,SZ,2,legnews
2012-09-17,ger,0,0,SZ,7,legnews
2012-09-17,ger,0,1,SZ,1,legnews
2012-09-17,ger,1,0,SZ,1,legnews
2012-10-11,ger,0,0,SZ,11,legnews
2012-10-11,ger,1,0,SZ,4,legnews
2012-10-12,ger,0,0,SZ,11,legnews
2012-10-12,ger,1,0,SZ,2,legnews
2012-10-13,ger,0,0,SZ,8,legnews
2012-10-13,ger,1,0,SZ,5,legnews
2012-10-15,ger,0,0,SZ,12,legnews
2012-10-15,ger,0,1,SZ,1,legnews
2012-10-15,ger,1,0,SZ,1,legnews
2012-10-16,ger,0,0,SZ,3,legnews
2012-10-16,ger,1,0,SZ,1,legnews
2012-10-17,ger,0,0,SZ,10,legnews
2012-10-17,ger,0,1,SZ,1,legnews
2012-10-17,ger,1,0,SZ,1,legnews
2012-10-18,ger,0,0,SZ,5,legnews
2012-10-18,ger,0,1,SZ,1,legnews
2012-10-18,ger,1,0,SZ,2,legnews
2012-10-19,ger,0,0,SZ,9,legnews
2012-10-19,ger,1,0,SZ,3,legnews
2012-10-20,ger,0,0,SZ,14,legnews
2012-10-20,ger,1,0,SZ,6,legnews
2012-10-22,ger,0,0,SZ,9,legnews
2012-10-22,ger,1,0,SZ,2,legnews
2012-10-23,ger,0,0,SZ,5,legnews
2012-10-23,ger,1,0,SZ,6,legnews
2012-10-24,ger,0,0,SZ,8,legnews
2012-10-24,ger,1,0,SZ,4,legnews
2012-10-25,ger,0,0,SZ,8,legnews
2012-10-25,ger,1,0,SZ,4,legnews
2012-10-26,ger,0,0,SZ,3,legnews
2012-10-26,ger,1,0,SZ,2,legnews
2012-11-02,ger,0,0,SZ,11,legnews
2012-11-02,ger,1,0,SZ,4,legnews
2012-11-03,ger,0,0,SZ,8,legnews
2012-11-03,ger,1,0,SZ,4,legnews
2012-11-05,ger,0,0,SZ,8,legnews
2012-11-06,ger,0,0,SZ,5,legnews
2012-11-07,ger,0,0,SZ,11,legnews
2012-11-07,ger,1,0,SZ,2,legnews
2012-11-08,ger,0,0,SZ,15,legnews
2012-11-08,ger,1,0,SZ,2,legnews
2012-11-09,ger,0,0,SZ,7,legnews
2012-11-09,ger,1,0,SZ,7,legnews
2012-11-10,ger,0,0,SZ,1,legnews
2012-11-21,ger,0,0,SZ,1,legnews
2012-11-22,ger,0,0,SZ,1,legnews
2012-11-23,ger,0,0,SZ,4,legnews
2012-11-24,ger,0,0,SZ,2,legnews
2012-11-24,ger,1,0,SZ,1,legnews
2012-11-26,ger,0,0,SZ,1,legnews
2012-11-26,ger,1,0,SZ,1,legnews
2012-11-28,ger,0,0,SZ,2,legnews
2012-11-28,ger,1,0,SZ,1,legnews
2012-11-29,ger,0,0,SZ,3,legnews
2012-11-29,ger,1,0,SZ,1,legnews
2012-11-30,ger,0,0,SZ,2,legnews
2012-11-30,ger,1,0,SZ,1,legnews
2012-12-01,ger,0,0,SZ,1,legnews
2012-12-01,ger,0,1,SZ,1,legnews
2012-12-03,ger,0,1,SZ,1,legnews
2012-12-03,ger,1,0,SZ,1,legnews
2012-12-04,ger,0,0,SZ,1,legnews
2012-12-05,ger,0,0,SZ,2,legnews
2012-12-06,ger,0,0,SZ,2,legnews
2012-12-06,ger,1,0,SZ,1,legnews
2012-12-07,ger,0,0,SZ,2,legnews
2012-12-07,ger,1,0,SZ,3,legnews
2012-12-08,ger,0,0,SZ,2,legnews
2012-12-10,ger,0,0,SZ,8,legnews
2012-12-10,ger,1,0,SZ,5,legnews
2012-12-11,ger,0,0,SZ,8,legnews
2012-12-11,ger,1,0,SZ,5,legnews
2012-12-12,ger,0,0,SZ,12,legnews
2012-12-12,ger,1,0,SZ,4,legnews
2012-12-13,ger,0,0,SZ,11,legnews
2012-12-13,ger,1,0,SZ,1,legnews
2012-12-14,ger,0,0,SZ,18,legnews
2012-12-14,ger,1,0,SZ,6,legnews
2012-12-15,ger,0,0,SZ,16,legnews
2012-12-15,ger,1,0,SZ,4,legnews
2012-12-17,ger,0,0,SZ,10,legnews
2012-12-17,ger,1,0,SZ,5,legnews
2012-12-18,ger,0,0,SZ,5,legnews
2012-12-18,ger,1,0,SZ,4,legnews
2012-12-19,ger,0,0,SZ,2,legnews
2012-12-19,ger,1,0,SZ,1,legnews
2012-12-20,ger,0,0,SZ,3,legnews
2012-12-21,ger,0,0,SZ,3,legnews
2012-12-22,ger,0,0,SZ,5,legnews
2012-12-24,ger,0,0,SZ,2,legnews
2012-12-27,ger,0,0,SZ,1,legnews
2012-12-27,ger,1,0,SZ,1,legnews
2012-12-28,ger,0,0,SZ,3,legnews
2012-12-29,ger,0,0,SZ,7,legnews
2012-12-29,ger,1,0,SZ,1,legnews
2012-12-31,ger,0,0,SZ,3,legnews
2012-12-31,ger,1,0,SZ,1,legnews
2013-01-02,ger,0,0,SZ,1,legnews
2013-01-03,ger,0,0,SZ,1,legnews
2013-01-04,ger,0,0,SZ,2,legnews
2013-01-04,ger,1,0,SZ,1,legnews
2013-01-05,ger,0,0,SZ,3,legnews
2013-01-05,ger,1,0,SZ,1,legnews
2013-01-07,ger,0,0,SZ,1,legnews
2013-01-08,ger,1,0,SZ,2,legnews
2013-01-09,ger,0,0,SZ,2,legnews
2013-01-09,ger,1,0,SZ,1,legnews
2013-01-10,ger,0,0,SZ,7,legnews
2013-01-10,ger,1,0,SZ,3,legnews
2013-01-11,ger,0,0,SZ,10,legnews
2013-01-11,ger,1,0,SZ,3,legnews
2013-01-12,ger,0,0,SZ,14,legnews
2013-01-12,ger,1,0,SZ,4,legnews
2013-01-12,ger,1,1,SZ,1,legnews
2013-01-14,ger,0,0,SZ,10,legnews
2013-01-14,ger,1,0,SZ,2,legnews
2013-01-15,ger,0,0,SZ,9,legnews
2013-01-15,ger,1,0,SZ,3,legnews
2013-01-16,ger,0,0,SZ,6,legnews
2013-01-16,ger,1,0,SZ,5,legnews
2013-01-17,ger,0,0,SZ,7,legnews
2013-01-18,ger,0,0,SZ,8,legnews
2013-01-18,ger,1,0,SZ,8,legnews
2013-01-19,ger,0,0,SZ,10,legnews
2013-01-19,ger,1,0,SZ,4,legnews
2013-01-21,ger,0,0,SZ,3,legnews
2013-01-22,ger,0,0,SZ,1,legnews
2013-01-22,ger,1,0,SZ,1,legnews
2013-01-23,ger,0,0,SZ,2,legnews
2013-01-24,ger,0,0,SZ,4,legnews
2013-01-24,ger,1,0,SZ,2,legnews
2013-01-25,ger,0,0,SZ,1,legnews
2013-01-25,ger,1,0,SZ,1,legnews
2013-01-26,ger,0,0,SZ,4,legnews
2013-01-26,ger,0,1,SZ,1,legnews
2013-01-26,ger,1,0,SZ,3,legnews
2013-01-28,ger,0,0,SZ,1,legnews
2013-01-29,ger,1,0,SZ,1,legnews
2013-01-30,ger,0,0,SZ,3,legnews
2013-01-31,ger,0,0,SZ,1,legnews
2013-01-31,ger,1,0,SZ,1,legnews
2013-02-01,ger,0,0,SZ,1,legnews
2013-02-01,ger,1,0,SZ,1,legnews
2013-02-02,ger,0,0,SZ,3,legnews
2013-02-04,ger,0,0,SZ,2,legnews
2013-02-04,ger,1,0,SZ,1,legnews
2013-02-05,ger,0,0,SZ,1,legnews
2013-02-06,ger,0,0,SZ,2,legnews
2013-02-07,ger,0,0,SZ,1,legnews
2013-02-08,ger,0,0,SZ,3,legnews
2013-02-09,ger,0,0,SZ,1,legnews
2013-02-09,ger,1,0,SZ,1,legnews
2013-02-13,ger,0,0,SZ,2,legnews
2013-02-14,ger,0,0,SZ,4,legnews
2013-02-15,ger,0,0,SZ,1,legnews
2013-02-15,ger,0,1,SZ,1,legnews
2013-02-16,ger,0,0,SZ,2,legnews
2013-02-16,ger,1,0,SZ,3,legnews
2013-02-18,ger,0,0,SZ,1,legnews
2013-02-18,ger,1,0,SZ,1,legnews
2013-02-19,ger,0,0,SZ,1,legnews
2013-02-19,ger,1,0,SZ,1,legnews
2013-02-20,ger,0,0,SZ,3,legnews
2013-02-21,ger,0,0,SZ,3,legnews
2013-02-21,ger,1,0,SZ,1,legnews
2013-02-22,ger,0,0,SZ,2,legnews
2013-02-22,ger,1,0,SZ,2,legnews
2013-02-23,ger,0,0,SZ,3,legnews
2013-02-25,ger,0,0,SZ,3,legnews
2013-02-26,ger,0,0,SZ,1,legnews
2013-02-26,ger,1,0,SZ,2,legnews
2013-02-27,ger,0,0,SZ,3,legnews
2013-02-27,ger,1,0,SZ,1,legnews
2013-02-28,ger,0,0,SZ,1,legnews
2013-03-01,ger,0,0,SZ,2,legnews
2013-03-01,ger,1,0,SZ,1,legnews
2013-03-02,ger,0,0,SZ,7,legnews
2013-03-04,ger,0,0,SZ,1,legnews
2013-03-04,ger,1,0,SZ,2,legnews
2013-03-05,ger,0,0,SZ,1,legnews
2013-03-06,ger,0,0,SZ,4,legnews
2013-03-07,ger,0,0,SZ,5,legnews
2013-03-08,ger,0,0,SZ,3,legnews
2013-03-09,ger,0,0,SZ,2,legnews
2013-03-16,ger,0,0,SZ,6,legnews
2013-03-16,ger,1,0,SZ,4,legnews
2013-03-18,ger,0,0,SZ,7,legnews
2013-03-18,ger,1,0,SZ,4,legnews
2013-03-19,ger,0,0,SZ,11,legnews
2013-03-19,ger,1,0,SZ,6,legnews
2013-03-20,ger,0,0,SZ,10,legnews
2013-03-20,ger,1,0,SZ,1,legnews
2013-03-21,ger,0,0,SZ,7,legnews
2013-03-21,ger,1,0,SZ,3,legnews
2013-03-22,ger,0,0,SZ,5,legnews
2013-03-22,ger,1,0,SZ,1,legnews
2013-03-23,ger,0,0,SZ,6,legnews
2013-03-23,ger,1,0,SZ,3,legnews
2013-03-25,ger,0,0,SZ,7,legnews
2013-03-25,ger,1,0,SZ,3,legnews
2013-03-26,ger,0,0,SZ,5,legnews
2013-03-26,ger,1,0,SZ,1,legnews
2013-03-27,ger,0,0,SZ,8,legnews
2013-03-27,ger,1,0,SZ,1,legnews
2013-04-10,ger,1,0,SZ,1,legnews
2013-04-11,ger,0,0,SZ,3,legnews
2013-04-11,ger,0,1,SZ,1,legnews
2013-04-11,ger,1,0,SZ,4,legnews
2013-04-12,ger,0,0,SZ,5,legnews
2013-04-12,ger,1,0,SZ,2,legnews
2013-04-13,ger,0,0,SZ,9,legnews
2013-04-13,ger,1,0,SZ,3,legnews
2013-04-15,ger,0,0,SZ,2,legnews
2013-04-15,ger,1,0,SZ,2,legnews
2013-04-16,ger,0,0,SZ,10,legnews
2013-04-16,ger,1,0,SZ,2,legnews
2013-04-17,ger,0,0,SZ,15,legnews
2013-04-18,ger,0,0,SZ,6,legnews
2013-04-18,ger,1,0,SZ,3,legnews
2013-04-19,ger,0,0,SZ,6,legnews
2013-04-19,ger,1,0,SZ,3,legnews
2013-04-20,ger,0,0,SZ,17,legnews
2013-04-20,ger,0,1,SZ,1,legnews
2013-04-20,ger,1,0,SZ,3,legnews
2013-04-22,ger,0,0,SZ,10,legnews
2013-04-22,ger,1,0,SZ,2,legnews
2013-04-23,ger,0,0,SZ,3,legnews
2013-04-23,ger,1,0,SZ,3,legnews
2013-04-24,ger,0,0,SZ,9,legnews
2013-04-24,ger,1,0,SZ,1,legnews
2013-04-25,ger,0,0,SZ,8,legnews
2013-04-25,ger,1,0,SZ,5,legnews
2013-04-26,ger,0,0,SZ,12,legnews
2013-04-26,ger,1,0,SZ,2,legnews
2013-04-27,ger,0,0,SZ,11,legnews
2013-04-27,ger,1,0,SZ,1,legnews
2013-04-29,ger,0,0,SZ,6,legnews
2013-04-29,ger,1,0,SZ,2,legnews
2013-04-30,ger,0,0,SZ,8,legnews
2013-04-30,ger,1,0,SZ,3,legnews
2013-05-02,ger,0,0,SZ,5,legnews
2013-05-02,ger,1,0,SZ,1,legnews
2013-05-03,ger,0,0,SZ,10,legnews
2013-05-03,ger,1,0,SZ,3,legnews
2013-05-04,ger,0,0,SZ,6,legnews
2013-05-04,ger,1,0,SZ,5,legnews
2013-05-06,ger,0,0,SZ,7,legnews
2013-05-06,ger,1,0,SZ,1,legnews
2013-05-07,ger,0,0,SZ,16,legnews
2013-05-07,ger,1,0,SZ,1,legnews
2013-05-08,ger,0,0,SZ,8,legnews
2013-05-08,ger,1,0,SZ,2,legnews
2013-05-10,ger,0,0,SZ,8,legnews
2013-05-11,ger,0,0,SZ,8,legnews
2013-05-11,ger,1,0,SZ,2,legnews
2013-05-13,ger,0,0,SZ,3,legnews
2013-05-13,ger,1,0,SZ,1,legnews
2013-05-14,ger,0,0,SZ,5,legnews
2013-05-14,ger,1,0,SZ,7,legnews
2013-05-15,ger,0,0,SZ,7,legnews
2013-05-15,ger,1,0,SZ,2,legnews
2013-05-16,ger,0,0,SZ,6,legnews
2013-05-16,ger,1,0,SZ,2,legnews
2013-05-17,ger,0,0,SZ,9,legnews
2013-05-17,ger,1,0,SZ,3,legnews
2013-05-18,ger,0,0,SZ,6,legnews
2013-05-18,ger,1,0,SZ,1,legnews
2013-05-21,ger,0,0,SZ,6,legnews
2013-05-21,ger,1,0,SZ,4,legnews
2013-05-22,ger,0,0,SZ,8,legnews
2013-05-22,ger,1,0,SZ,1,legnews
2013-05-23,ger,0,0,SZ,4,legnews
2013-05-23,ger,1,0,SZ,3,legnews
2013-05-24,ger,0,0,SZ,9,legnews
2013-05-24,ger,1,0,SZ,1,legnews
2013-05-25,ger,0,0,SZ,8,legnews
2013-05-25,ger,1,0,SZ,3,legnews
2013-05-27,ger,0,0,SZ,2,legnews
2013-05-27,ger,1,0,SZ,2,legnews
2013-05-28,ger,0,0,SZ,2,legnews
2013-05-28,ger,1,0,SZ,7,legnews
2013-05-29,ger,0,0,SZ,12,legnews
2013-05-31,ger,0,0,SZ,5,legnews
2013-05-31,ger,1,0,SZ,3,legnews
2013-06-01,ger,0,0,SZ,3,legnews
2013-06-01,ger,1,0,SZ,1,legnews
2013-06-03,ger,0,0,SZ,5,legnews
2013-06-03,ger,1,0,SZ,1,legnews
2013-06-04,ger,0,0,SZ,5,legnews
2013-06-04,ger,1,0,SZ,1,legnews
2013-06-05,ger,0,0,SZ,10,legnews
2013-06-05,ger,1,0,SZ,2,legnews
2013-06-06,ger,0,0,SZ,6,legnews
2013-06-06,ger,1,0,SZ,1,legnews
2013-06-07,ger,0,0,SZ,8,legnews
2013-06-07,ger,1,0,SZ,5,legnews
2013-06-08,ger,0,0,SZ,7,legnews
2013-06-08,ger,0,1,SZ,1,legnews
2013-06-08,ger,1,0,SZ,1,legnews
2013-06-10,ger,0,0,SZ,13,legnews
2013-06-10,ger,1,0,SZ,1,legnews
2013-06-11,ger,0,0,SZ,8,legnews
2013-06-11,ger,1,0,SZ,1,legnews
2013-06-12,ger,0,0,SZ,5,legnews
2013-06-12,ger,1,0,SZ,6,legnews
2014-01-02,ger,0,0,SZ,1,legnews
2014-01-03,ger,0,0,SZ,3,legnews
2014-01-03,ger,1,0,SZ,1,legnews
2014-01-04,ger,0,0,SZ,6,legnews
2014-01-09,ger,1,0,SZ,2,legnews
2014-01-10,ger,0,0,SZ,3,legnews
2014-01-10,ger,1,0,SZ,1,legnews
2014-01-11,ger,0,0,SZ,2,legnews
2014-01-13,ger,0,0,SZ,2,legnews
2014-01-14,ger,0,0,SZ,3,legnews
2014-01-14,ger,1,0,SZ,1,legnews
2014-01-15,ger,0,0,SZ,1,legnews
2014-01-16,ger,0,0,SZ,4,legnews
2014-01-16,ger,1,0,SZ,1,legnews
2014-01-17,ger,0,0,SZ,5,legnews
2014-01-18,ger,0,0,SZ,3,legnews
2014-01-18,ger,1,0,SZ,1,legnews
2014-01-20,ger,1,0,SZ,1,legnews
2014-01-22,ger,0,0,SZ,3,legnews
2014-01-23,ger,0,0,SZ,11,legnews
2014-01-23,ger,1,0,SZ,3,legnews
2014-01-24,ger,0,0,SZ,8,legnews
2014-01-24,ger,1,0,SZ,2,legnews
2014-01-25,ger,0,0,SZ,19,legnews
2014-01-25,ger,0,1,SZ,1,legnews
2014-01-25,ger,1,0,SZ,2,legnews
2014-01-27,ger,0,0,SZ,9,legnews
2014-01-27,ger,1,0,SZ,2,legnews
2014-01-27,ger,1,1,SZ,1,legnews
2014-01-28,ger,0,0,SZ,4,legnews
2014-01-28,ger,1,0,SZ,3,legnews
2014-01-29,ger,0,0,SZ,6,legnews
2014-01-29,ger,1,0,SZ,4,legnews
2014-01-30,ger,0,0,SZ,9,legnews
2014-01-30,ger,1,0,SZ,2,legnews
2014-01-31,ger,0,0,SZ,7,legnews
2014-01-31,ger,1,0,SZ,4,legnews
2014-02-01,ger,0,0,SZ,11,legnews
2014-02-01,ger,1,0,SZ,3,legnews
2014-02-03,ger,0,0,SZ,2,legnews
2014-02-03,ger,1,0,SZ,4,legnews
2014-02-04,ger,0,0,SZ,2,legnews
2014-02-04,ger,1,0,SZ,2,legnews
2014-02-05,ger,0,0,SZ,2,legnews
2014-02-05,ger,1,0,SZ,1,legnews
2014-02-06,ger,0,0,SZ,1,legnews
2014-02-07,ger,0,0,SZ,1,legnews
2014-02-08,ger,0,0,SZ,5,legnews
2014-02-10,ger,1,0,SZ,1,legnews
2014-02-11,ger,0,0,SZ,1,legnews
2014-02-11,ger,1,0,SZ,1,legnews
2014-02-12,ger,0,0,SZ,3,legnews
2014-02-12,ger,1,0,SZ,4,legnews
2014-02-13,ger,0,0,SZ,1,legnews
2014-02-13,ger,1,0,SZ,3,legnews
2014-02-14,ger,0,0,SZ,3,legnews
2014-02-14,ger,1,0,SZ,2,legnews
2014-02-15,ger,0,0,SZ,2,legnews
2014-02-15,ger,1,0,SZ,1,legnews
2014-02-17,ger,1,0,SZ,1,legnews
2014-02-18,ger,0,0,SZ,4,legnews
2014-02-18,ger,1,0,SZ,1,legnews
2014-02-19,ger,0,0,SZ,2,legnews
2014-02-19,ger,1,0,SZ,1,legnews
2014-02-20,ger,0,0,SZ,3,legnews
2014-02-20,ger,1,0,SZ,1,legnews
2014-02-21,ger,0,0,SZ,1,legnews
2014-02-22,ger,0,0,SZ,3,legnews
2014-02-22,ger,1,0,SZ,2,legnews
2014-02-24,ger,0,0,SZ,2,legnews
2014-02-25,ger,0,0,SZ,2,legnews
2014-02-26,ger,1,0,SZ,1,legnews
2014-07-04,ger,0,0,SZ,2,legnews
2014-07-05,ger,0,0,SZ,6,legnews
2014-07-05,ger,1,0,SZ,1,legnews
2014-07-07,ger,0,0,SZ,6,legnews
2014-07-07,ger,1,0,SZ,3,legnews
2014-07-08,ger,0,0,SZ,15,legnews
2014-07-08,ger,1,0,SZ,2,legnews
2014-07-09,ger,0,0,SZ,3,legnews
2014-07-09,ger,1,0,SZ,1,legnews
2014-07-10,ger,0,0,SZ,4,legnews
2014-07-10,ger,1,0,SZ,3,legnews
2014-07-11,ger,0,0,SZ,7,legnews
2014-07-11,ger,1,0,SZ,1,legnews
2014-07-12,ger,0,0,SZ,6,legnews
2014-07-12,ger,1,0,SZ,2,legnews
2014-07-14,ger,0,0,SZ,7,legnews
2014-07-14,ger,1,0,SZ,4,legnews
2014-07-15,ger,0,0,SZ,6,legnews
2014-07-16,ger,0,0,SZ,9,legnews
2014-07-16,ger,1,0,SZ,2,legnews
2014-07-17,ger,0,0,SZ,7,legnews
2014-07-17,ger,1,0,SZ,5,legnews
2014-07-18,ger,0,0,SZ,4,legnews
2014-07-18,ger,1,0,SZ,3,legnews
2014-07-19,ger,0,0,SZ,11,legnews
2014-07-19,ger,1,0,SZ,4,legnews
2014-07-21,ger,0,0,SZ,6,legnews
2014-07-21,ger,1,0,SZ,2,legnews
2014-07-22,ger,0,0,SZ,6,legnews
2014-07-22,ger,1,0,SZ,2,legnews
2014-07-23,ger,0,0,SZ,13,legnews
2014-07-24,ger,0,0,SZ,4,legnews
2014-07-24,ger,1,0,SZ,5,legnews
2014-07-25,ger,0,0,SZ,3,legnews
2014-07-25,ger,1,0,SZ,2,legnews
2014-07-26,ger,0,0,SZ,10,legnews
2014-07-26,ger,1,0,SZ,3,legnews
2014-07-28,ger,0,0,SZ,7,legnews
2014-07-28,ger,1,0,SZ,7,legnews
2014-07-29,ger,0,0,SZ,6,legnews
2014-07-29,ger,1,0,SZ,4,legnews
2014-07-30,ger,0,0,SZ,11,legnews
2014-07-30,ger,1,0,SZ,1,legnews
2014-07-31,ger,0,0,SZ,2,legnews
2014-07-31,ger,1,0,SZ,5,legnews
2014-08-01,ger,0,0,SZ,5,legnews
2014-08-01,ger,1,0,SZ,3,legnews
2014-08-02,ger,0,0,SZ,6,legnews
2014-08-02,ger,1,0,SZ,5,legnews
2014-08-04,ger,0,0,SZ,7,legnews
2014-08-04,ger,1,0,SZ,1,legnews
2014-08-05,ger,0,0,SZ,8,legnews
2014-08-06,ger,0,0,SZ,7,legnews
2014-08-06,ger,1,0,SZ,1,legnews
2014-08-07,ger,0,0,SZ,8,legnews
2014-08-07,ger,1,0,SZ,2,legnews
2014-08-08,ger,0,0,SZ,4,legnews
2014-08-09,ger,0,0,SZ,4,legnews
2014-08-09,ger,1,0,SZ,4,legnews
2014-08-11,ger,0,0,SZ,10,legnews
2014-08-12,ger,0,0,SZ,8,legnews
2014-08-12,ger,1,0,SZ,1,legnews
2014-08-13,ger,0,0,SZ,6,legnews
2014-08-13,ger,1,0,SZ,1,legnews
2014-08-14,ger,0,0,SZ,5,legnews
2014-08-14,ger,1,0,SZ,3,legnews
2014-08-16,ger,0,0,SZ,10,legnews
2014-08-16,ger,1,0,SZ,3,legnews
2014-08-18,ger,0,0,SZ,12,legnews
2014-08-18,ger,1,0,SZ,1,legnews
2014-08-19,ger,0,0,SZ,4,legnews
2014-08-19,ger,1,0,SZ,1,legnews
2014-08-20,ger,0,0,SZ,1,legnews
2014-08-20,ger,1,0,SZ,3,legnews
2014-08-21,ger,0,0,SZ,13,legnews
2014-08-21,ger,1,0,SZ,1,legnews
2014-08-22,ger,0,0,SZ,8,legnews
2014-08-22,ger,1,0,SZ,3,legnews
2014-08-23,ger,0,0,SZ,10,legnews
2014-08-23,ger,1,0,SZ,2,legnews
2014-08-25,ger,0,0,SZ,4,legnews
2014-08-25,ger,1,0,SZ,3,legnews
2014-08-26,ger,0,0,SZ,4,legnews
2014-08-26,ger,1,0,SZ,3,legnews
2014-08-27,ger,0,0,SZ,4,legnews
2014-08-27,ger,1,0,SZ,4,legnews
2014-08-28,ger,0,0,SZ,11,legnews
2014-08-29,ger,0,0,SZ,4,legnews
2014-08-29,ger,1,0,SZ,2,legnews
2014-08-30,ger,0,0,SZ,4,legnews
2014-08-30,ger,1,0,SZ,5,legnews
2014-09-01,ger,0,0,SZ,12,legnews
2014-09-01,ger,1,0,SZ,2,legnews
2014-09-02,ger,0,0,SZ,3,legnews
2014-09-02,ger,1,0,SZ,3,legnews
2014-09-03,ger,0,0,SZ,10,legnews
2014-09-03,ger,1,0,SZ,1,legnews
2014-09-04,ger,0,0,SZ,4,legnews
2014-09-05,ger,0,0,SZ,7,legnews
2014-09-05,ger,1,0,SZ,1,legnews
2014-09-06,ger,0,0,SZ,8,legnews
2014-09-06,ger,1,0,SZ,3,legnews
2014-09-08,ger,0,0,SZ,6,legnews
2014-09-09,ger,0,0,SZ,8,legnews
2014-09-09,ger,1,0,SZ,1,legnews
2014-09-10,ger,0,0,SZ,3,legnews
2014-09-10,ger,1,0,SZ,1,legnews
2014-09-11,ger,0,0,SZ,9,legnews
2014-09-11,ger,1,0,SZ,4,legnews
2014-09-12,ger,0,0,SZ,6,legnews
2014-09-12,ger,1,0,SZ,4,legnews
2014-09-13,ger,0,0,SZ,8,legnews
2014-09-13,ger,1,0,SZ,3,legnews
2014-09-15,ger,0,0,SZ,10,legnews
2014-09-15,ger,1,0,SZ,3,legnews
2014-09-16,ger,0,0,SZ,5,legnews
2014-09-16,ger,1,0,SZ,2,legnews
2014-09-17,ger,0,0,SZ,1,legnews
2014-09-18,ger,0,0,SZ,7,legnews
2014-09-18,ger,1,0,SZ,4,legnews
2014-09-19,ger,0,0,SZ,5,legnews
2014-09-19,ger,1,0,SZ,4,legnews
2014-09-20,ger,0,0,SZ,11,legnews
2014-09-20,ger,1,0,SZ,6,legnews
2014-09-22,ger,0,0,SZ,12,legnews
2014-09-22,ger,1,0,SZ,2,legnews
2014-09-23,ger,0,0,SZ,9,legnews
2014-09-24,ger,0,0,SZ,8,legnews
2014-09-24,ger,1,0,SZ,3,legnews
2014-09-25,ger,0,0,SZ,5,legnews
2014-09-25,ger,1,0,SZ,6,legnews
2014-09-26,ger,0,0,SZ,5,legnews
2014-09-26,ger,1,0,SZ,5,legnews
2014-09-27,ger,0,0,SZ,7,legnews
2014-09-27,ger,1,0,SZ,3,legnews
2014-09-29,ger,0,0,SZ,7,legnews
2014-09-30,ger,0,0,SZ,9,legnews
2014-09-30,ger,0,1,SZ,1,legnews
2014-10-10,ger,0,0,SZ,5,legnews
2014-10-10,ger,1,0,SZ,4,legnews
2014-10-11,ger,0,0,SZ,9,legnews
2014-10-11,ger,1,0,SZ,6,legnews
2014-10-13,ger,0,0,SZ,7,legnews
2014-10-14,ger,0,0,SZ,4,legnews
2014-10-14,ger,1,0,SZ,4,legnews
2014-10-15,ger,0,0,SZ,1,legnews
2014-10-15,ger,1,0,SZ,2,legnews
2015-01-02,ger,0,0,SZ,1,legnews
2015-01-03,ger,1,0,SZ,1,legnews
2015-01-07,ger,0,0,SZ,1,legnews
2015-01-08,ger,0,0,SZ,2,legnews
2015-01-08,ger,1,0,SZ,2,legnews
2015-01-09,ger,0,0,SZ,1,legnews
2015-01-10,ger,0,0,SZ,3,legnews
2015-01-10,ger,1,0,SZ,1,legnews
2015-01-12,ger,0,0,SZ,1,legnews
2015-01-12,ger,1,0,SZ,10,legnews
2015-01-12,ger,1,1,SZ,1,legnews
2015-01-13,ger,0,0,SZ,3,legnews
2015-01-13,ger,1,0,SZ,11,legnews
2015-01-14,ger,0,0,SZ,5,legnews
2015-01-14,ger,0,1,SZ,1,legnews
2015-01-14,ger,1,0,SZ,9,legnews
2015-01-15,ger,0,0,SZ,3,legnews
2015-01-15,ger,1,0,SZ,10,legnews
2015-01-16,ger,0,0,SZ,2,legnews
2015-01-16,ger,1,0,SZ,11,legnews
2015-01-17,ger,0,0,SZ,7,legnews
2015-01-17,ger,1,0,SZ,13,legnews
2015-01-19,ger,0,0,SZ,6,legnews
2015-01-19,ger,1,0,SZ,11,legnews
2015-01-20,ger,1,0,SZ,14,legnews
2015-01-21,ger,0,0,SZ,1,legnews
2015-01-21,ger,1,0,SZ,17,legnews
2015-01-21,ger,1,1,SZ,1,legnews
2015-01-22,ger,0,0,SZ,3,legnews
2015-01-22,ger,1,0,SZ,20,legnews
2015-01-23,ger,0,0,SZ,4,legnews
2015-01-23,ger,1,0,SZ,7,legnews
2015-01-24,ger,0,0,SZ,6,legnews
2015-01-24,ger,1,0,SZ,15,legnews
2015-01-26,ger,0,0,SZ,2,legnews
2015-01-26,ger,1,0,SZ,14,legnews
2015-01-27,ger,0,0,SZ,6,legnews
2015-01-27,ger,1,0,SZ,13,legnews
2015-01-28,ger,0,0,SZ,10,legnews
2015-01-28,ger,0,1,SZ,1,legnews
2015-01-28,ger,1,0,SZ,8,legnews
2015-01-29,ger,0,0,SZ,13,legnews
2015-01-29,ger,1,0,SZ,18,legnews
2015-01-30,ger,0,0,SZ,7,legnews
2015-01-30,ger,0,1,SZ,1,legnews
2015-01-30,ger,1,0,SZ,6,legnews
2015-01-30,ger,1,1,SZ,1,legnews
2015-01-31,ger,0,0,SZ,14,legnews
2015-01-31,ger,1,0,SZ,11,legnews
2015-02-02,ger,0,0,SZ,5,legnews
2015-02-02,ger,1,0,SZ,15,legnews
2015-02-03,ger,0,0,SZ,11,legnews
2015-02-03,ger,1,0,SZ,15,legnews
2015-02-04,ger,0,0,SZ,9,legnews
2015-02-04,ger,0,1,SZ,1,legnews
2015-02-04,ger,1,0,SZ,4,legnews
2015-02-05,ger,0,0,SZ,12,legnews
2015-02-05,ger,1,0,SZ,7,legnews
2015-02-06,ger,0,0,SZ,9,legnews
2015-02-06,ger,0,1,SZ,1,legnews
2015-02-06,ger,1,0,SZ,6,legnews
2015-02-07,ger,0,0,SZ,11,legnews
2015-02-07,ger,1,0,SZ,8,legnews
2015-02-09,ger,0,0,SZ,6,legnews
2015-02-09,ger,1,0,SZ,7,legnews
2015-02-10,ger,0,0,SZ,8,legnews
2015-02-10,ger,1,0,SZ,8,legnews
2015-02-11,ger,0,0,SZ,7,legnews
2015-02-11,ger,1,0,SZ,6,legnews
2015-02-12,ger,0,0,SZ,6,legnews
2015-02-12,ger,1,0,SZ,7,legnews
2015-02-13,ger,0,0,SZ,5,legnews
2015-02-13,ger,1,0,SZ,11,legnews
2015-02-13,ger,1,1,SZ,1,legnews
2015-02-14,ger,0,0,SZ,13,legnews
2015-02-14,ger,1,0,SZ,7,legnews
2015-02-16,ger,0,0,SZ,6,legnews
2015-02-16,ger,1,0,SZ,8,legnews
2015-02-17,ger,0,0,SZ,4,legnews
2015-02-17,ger,1,0,SZ,11,legnews
2015-02-18,ger,0,0,SZ,13,legnews
2015-02-18,ger,1,0,SZ,5,legnews
2015-02-19,ger,0,0,SZ,9,legnews
2015-02-19,ger,1,0,SZ,7,legnews
2015-02-20,ger,0,0,SZ,7,legnews
2015-02-20,ger,1,0,SZ,11,legnews
2015-02-21,ger,0,0,SZ,19,legnews
2015-02-21,ger,1,0,SZ,8,legnews
2015-02-23,ger,0,0,SZ,6,legnews
2015-02-23,ger,1,0,SZ,5,legnews
2015-02-24,ger,0,0,SZ,6,legnews
2015-02-24,ger,1,0,SZ,4,legnews
2015-02-25,ger,0,0,SZ,10,legnews
2015-02-25,ger,1,0,SZ,5,legnews
2015-02-26,ger,0,0,SZ,12,legnews
2015-02-26,ger,1,0,SZ,5,legnews
2015-02-27,ger,0,0,SZ,15,legnews
2015-02-27,ger,1,0,SZ,12,legnews
2015-02-28,ger,0,0,SZ,8,legnews
2015-02-28,ger,1,0,SZ,8,legnews
2015-03-02,ger,0,0,SZ,9,legnews
2015-03-02,ger,1,0,SZ,6,legnews
2015-03-03,ger,0,0,SZ,9,legnews
2015-03-03,ger,1,0,SZ,5,legnews
2015-03-04,ger,0,0,SZ,3,legnews
2015-03-04,ger,1,0,SZ,6,legnews
2015-03-05,ger,0,0,SZ,1,legnews
2015-03-05,ger,1,0,SZ,1,legnews
2015-03-06,ger,0,0,SZ,2,legnews
2015-03-06,ger,1,0,SZ,3,legnews
2015-03-07,ger,0,0,SZ,4,legnews
2015-03-07,ger,1,0,SZ,5,legnews
2015-03-09,ger,0,0,SZ,2,legnews
2015-03-09,ger,1,0,SZ,3,legnews
2015-03-10,ger,1,0,SZ,5,legnews
2015-03-11,ger,0,0,SZ,1,legnews
2015-03-12,ger,0,0,SZ,3,legnews
2015-03-12,ger,1,0,SZ,1,legnews
2015-03-13,ger,0,0,SZ,1,legnews
2015-03-13,ger,1,0,SZ,1,legnews
2015-03-14,ger,0,0,SZ,2,legnews
2015-03-14,ger,1,0,SZ,2,legnews
2015-03-16,ger,0,1,SZ,1,legnews
2015-03-16,ger,1,0,SZ,4,legnews
2015-03-17,ger,1,0,SZ,2,legnews
2015-03-18,ger,0,0,SZ,1,legnews
2015-03-18,ger,1,0,SZ,2,legnews
2015-03-19,ger,0,0,SZ,2,legnews
2015-03-19,ger,1,0,SZ,2,legnews
2015-03-20,ger,1,0,SZ,4,legnews
2015-03-21,ger,0,0,SZ,1,legnews
2015-03-21,ger,1,0,SZ,2,legnews
2015-03-23,ger,0,0,SZ,1,legnews
2015-03-23,ger,1,0,SZ,3,legnews
2015-03-24,ger,0,0,SZ,2,legnews
2015-03-25,ger,0,0,SZ,2,legnews
2015-03-25,ger,1,0,SZ,1,legnews
2015-03-26,ger,0,0,SZ,3,legnews
2015-03-27,ger,0,0,SZ,5,legnews
2015-03-27,ger,1,0,SZ,1,legnews
2015-03-28,ger,0,0,SZ,2,legnews
2015-03-28,ger,1,0,SZ,4,legnews
2015-03-30,ger,0,0,SZ,1,legnews
2015-03-31,ger,0,0,SZ,1,legnews
2015-03-31,ger,1,0,SZ,1,legnews
2015-04-01,ger,0,0,SZ,1,legnews
2015-04-02,ger,0,0,SZ,3,legnews
2015-04-04,ger,0,0,SZ,3,legnews
2015-04-04,ger,1,0,SZ,2,legnews
2015-05-02,ger,0,0,SZ,5,legnews
2015-05-02,ger,1,0,SZ,2,legnews
2015-05-04,ger,0,0,SZ,9,legnews
2015-05-04,ger,1,0,SZ,2,legnews
2015-05-05,ger,0,0,SZ,11,legnews
2015-05-05,ger,1,0,SZ,1,legnews
2015-05-06,ger,0,0,SZ,4,legnews
2015-05-06,ger,0,1,SZ,1,legnews
2015-05-06,ger,1,0,SZ,4,legnews
2015-05-07,ger,0,0,SZ,2,legnews
2015-05-07,ger,1,0,SZ,3,legnews
2015-05-08,ger,0,0,SZ,11,legnews
2015-05-08,ger,1,0,SZ,5,legnews
2015-05-09,ger,0,0,SZ,6,legnews
2015-05-09,ger,1,0,SZ,7,legnews
2015-05-11,ger,0,0,SZ,8,legnews
2015-05-11,ger,1,0,SZ,3,legnews
2015-05-12,ger,0,0,SZ,5,legnews
2015-05-12,ger,1,0,SZ,4,legnews
2015-05-13,ger,0,0,SZ,4,legnews
2015-05-13,ger,1,0,SZ,1,legnews
2015-10-01,ger,0,0,SZ,9,legnews
2015-10-01,ger,1,0,SZ,2,legnews
2015-10-02,ger,0,0,SZ,9,legnews
2015-10-02,ger,1,0,SZ,4,legnews
2015-10-05,ger,0,0,SZ,11,legnews
2015-10-05,ger,1,0,SZ,1,legnews
2015-10-06,ger,0,0,SZ,10,legnews
2015-10-06,ger,1,0,SZ,6,legnews
2015-10-07,ger,0,0,SZ,8,legnews
2015-10-07,ger,1,0,SZ,5,legnews
2015-10-08,ger,0,0,SZ,9,legnews
2015-10-08,ger,1,0,SZ,3,legnews
2015-10-09,ger,0,0,SZ,13,legnews
2015-10-09,ger,1,0,SZ,6,legnews
2015-10-10,ger,0,0,SZ,7,legnews
2015-10-10,ger,1,0,SZ,7,legnews
2015-10-12,ger,0,0,SZ,5,legnews
2015-10-12,ger,1,0,SZ,4,legnews
2015-10-13,ger,0,0,SZ,6,legnews
2015-10-13,ger,1,0,SZ,3,legnews
2015-10-14,ger,0,0,SZ,3,legnews
2015-10-14,ger,1,0,SZ,3,legnews
2015-10-15,ger,0,0,SZ,5,legnews
2015-10-15,ger,1,0,SZ,3,legnews
2015-10-16,ger,0,0,SZ,2,legnews
2015-10-16,ger,1,0,SZ,4,legnews
2015-10-17,ger,0,0,SZ,5,legnews
2015-10-17,ger,1,0,SZ,2,legnews
2015-10-19,ger,0,0,SZ,2,legnews
2015-10-19,ger,1,0,SZ,4,legnews
2015-10-20,ger,0,0,SZ,2,legnews
2015-10-20,ger,1,0,SZ,6,legnews
2015-10-21,ger,0,0,SZ,7,legnews
2015-10-21,ger,1,0,SZ,7,legnews
2015-10-22,ger,1,0,SZ,1,legnews
2015-10-26,ger,0,0,SZ,6,legnews
2015-10-26,ger,1,0,SZ,1,legnews
2015-10-27,ger,0,0,SZ,6,legnews
2015-10-27,ger,1,0,SZ,4,legnews
2015-10-28,ger,0,0,SZ,6,legnews
2015-10-28,ger,1,0,SZ,3,legnews
2015-10-29,ger,0,0,SZ,4,legnews
2015-10-29,ger,1,0,SZ,2,legnews
2015-10-30,ger,0,0,SZ,6,legnews
2015-10-30,ger,1,0,SZ,3,legnews
2015-10-31,ger,0,0,SZ,2,legnews
2015-10-31,ger,1,0,SZ,3,legnews
2015-11-02,ger,0,0,SZ,7,legnews
2015-11-03,ger,0,0,SZ,5,legnews
2015-11-03,ger,1,0,SZ,2,legnews
2015-11-03,ger,1,1,SZ,2,legnews
2015-11-04,ger,0,0,SZ,5,legnews
2015-11-04,ger,1,0,SZ,2,legnews
2015-11-05,ger,0,0,SZ,6,legnews
2015-11-05,ger,1,0,SZ,1,legnews
2015-11-06,ger,0,0,SZ,13,legnews
2015-11-06,ger,1,0,SZ,4,legnews
2015-11-07,ger,0,0,SZ,13,legnews
2015-11-07,ger,1,0,SZ,8,legnews
2015-11-09,ger,0,0,SZ,11,legnews
2015-11-09,ger,1,0,SZ,8,legnews
2015-11-10,ger,0,0,SZ,11,legnews
2015-11-10,ger,1,0,SZ,3,legnews
2015-11-11,ger,0,0,SZ,8,legnews
2015-11-11,ger,1,0,SZ,3,legnews
2015-11-12,ger,0,0,SZ,4,legnews
2015-11-12,ger,1,0,SZ,11,legnews
2015-11-13,ger,0,0,SZ,11,legnews
2015-11-13,ger,1,0,SZ,6,legnews
2015-11-14,ger,0,0,SZ,9,legnews
2015-11-14,ger,1,0,SZ,8,legnews
2015-11-16,ger,0,0,SZ,14,legnews
2015-11-16,ger,1,0,SZ,9,legnews
2015-11-17,ger,0,0,SZ,8,legnews
2015-11-17,ger,1,0,SZ,7,legnews
2015-11-18,ger,0,0,SZ,3,legnews
2015-11-18,ger,1,0,SZ,9,legnews
2015-11-19,ger,0,0,SZ,7,legnews
2015-11-19,ger,1,0,SZ,5,legnews
2015-11-20,ger,0,0,SZ,11,legnews
2015-11-20,ger,0,1,SZ,1,legnews
2015-11-20,ger,1,0,SZ,6,legnews
2015-11-21,ger,0,0,SZ,3,legnews
2015-11-21,ger,1,0,SZ,5,legnews
2015-11-23,ger,0,0,SZ,1,legnews
2015-11-23,ger,1,0,SZ,2,legnews
2015-11-24,ger,1,0,SZ,5,legnews
2015-11-25,ger,0,0,SZ,2,legnews
2015-11-25,ger,1,0,SZ,4,legnews
2015-11-26,ger,0,0,SZ,2,legnews
2015-11-26,ger,1,0,SZ,1,legnews
2015-11-27,ger,0,0,SZ,4,legnews
2015-11-27,ger,1,0,SZ,1,legnews
2015-11-28,ger,0,0,SZ,4,legnews
2015-11-28,ger,1,0,SZ,4,legnews
2015-11-30,ger,0,0,SZ,1,legnews
2015-11-30,ger,1,0,SZ,4,legnews
2015-12-01,ger,1,0,SZ,4,legnews
2015-12-02,ger,0,0,SZ,1,legnews
2015-12-02,ger,1,0,SZ,2,legnews
2015-12-03,ger,0,0,SZ,2,legnews
2015-12-03,ger,1,0,SZ,6,legnews
2015-12-04,ger,0,0,SZ,1,legnews
2015-12-04,ger,1,0,SZ,3,legnews
2015-12-05,ger,0,0,SZ,6,legnews
2015-12-05,ger,0,1,SZ,1,legnews
2015-12-05,ger,1,0,SZ,4,legnews
2015-12-07,ger,0,0,SZ,1,legnews
2015-12-07,ger,1,0,SZ,4,legnews
2015-12-08,ger,0,0,SZ,3,legnews
2015-12-08,ger,1,0,SZ,2,legnews
2015-12-09,ger,0,0,SZ,3,legnews
2015-12-09,ger,1,0,SZ,1,legnews
2015-12-10,ger,0,0,SZ,3,legnews
2015-12-10,ger,1,0,SZ,3,legnews
2015-12-11,ger,0,0,SZ,3,legnews
2015-12-11,ger,1,0,SZ,2,legnews
2015-12-12,ger,0,0,SZ,5,legnews
2015-12-12,ger,1,0,SZ,4,legnews
2015-12-14,ger,0,0,SZ,2,legnews
2015-12-14,ger,1,0,SZ,3,legnews
2015-12-15,ger,0,0,SZ,2,legnews
2015-12-15,ger,1,0,SZ,1,legnews
2015-12-16,ger,1,0,SZ,2,legnews
2015-12-17,ger,0,0,SZ,4,legnews
2015-12-17,ger,1,0,SZ,1,legnews
2015-12-18,ger,0,0,SZ,8,legnews
2015-12-18,ger,1,0,SZ,6,legnews
2015-12-19,ger,0,0,SZ,6,legnews
2015-12-21,ger,0,0,SZ,1,legnews
2015-12-22,ger,0,0,SZ,2,legnews
2015-12-23,ger,0,0,SZ,5,legnews
2015-12-23,ger,1,0,SZ,3,legnews
2015-12-24,ger,0,0,SZ,4,legnews
2015-12-24,ger,1,0,SZ,7,legnews
2015-12-28,ger,0,0,SZ,1,legnews
2015-12-28,ger,1,0,SZ,3,legnews
2015-12-29,ger,0,0,SZ,3,legnews
2015-12-29,ger,1,0,SZ,2,legnews
2015-12-30,ger,0,0,SZ,2,legnews
2015-12-30,ger,1,0,SZ,4,legnews
2015-12-31,ger,0,0,SZ,2,legnews
2015-12-31,ger,1,0,SZ,3,legnews
2016-01-29,ger,0,0,SZ,1,legnews
2016-01-29,ger,1,0,SZ,1,legnews
2016-01-30,ger,0,0,SZ,5,legnews
2016-01-30,ger,1,0,SZ,1,legnews
2016-02-01,ger,0,0,SZ,5,legnews
2016-02-02,ger,0,0,SZ,6,legnews
2016-02-03,ger,0,0,SZ,10,legnews
2016-02-03,ger,0,1,SZ,1,legnews
2016-02-03,ger,1,0,SZ,3,legnews
2016-02-04,ger,0,0,SZ,2,legnews
2016-02-04,ger,1,0,SZ,1,legnews
2016-02-05,ger,0,0,SZ,7,legnews
2016-02-05,ger,1,0,SZ,3,legnews
2016-02-06,ger,0,0,SZ,4,legnews
2016-02-06,ger,1,0,SZ,2,legnews
2016-02-08,ger,0,0,SZ,4,legnews
2016-02-08,ger,1,0,SZ,2,legnews
2016-02-09,ger,0,0,SZ,10,legnews
2016-02-09,ger,1,0,SZ,2,legnews
2016-02-10,ger,0,0,SZ,3,legnews
2016-02-10,ger,1,0,SZ,3,legnews
2016-02-11,ger,0,0,SZ,3,legnews
2016-02-11,ger,1,0,SZ,5,legnews
2016-02-12,ger,0,0,SZ,2,legnews
2016-02-13,ger,0,0,SZ,14,legnews
2016-02-13,ger,1,0,SZ,3,legnews
2016-02-15,ger,0,0,SZ,6,legnews
2016-02-15,ger,1,0,SZ,1,legnews
2016-02-16,ger,0,0,SZ,9,legnews
2016-02-16,ger,1,0,SZ,4,legnews
2016-02-17,ger,0,0,SZ,8,legnews
2016-02-17,ger,1,0,SZ,3,legnews
2016-02-18,ger,0,0,SZ,8,legnews
2016-02-18,ger,1,0,SZ,3,legnews
2016-02-19,ger,0,0,SZ,7,legnews
2016-02-19,ger,1,0,SZ,6,legnews
2016-02-20,ger,0,0,SZ,10,legnews
2016-02-20,ger,1,0,SZ,3,legnews
2016-02-22,ger,0,0,SZ,6,legnews
2016-02-22,ger,1,0,SZ,1,legnews
2016-02-23,ger,0,0,SZ,4,legnews
2016-02-23,ger,1,0,SZ,1,legnews
2016-02-24,ger,0,0,SZ,8,legnews
2016-02-24,ger,1,0,SZ,3,legnews
2016-02-25,ger,0,0,SZ,9,legnews
2016-02-25,ger,1,0,SZ,2,legnews
2016-02-26,ger,0,0,SZ,11,legnews
2016-02-26,ger,1,0,SZ,4,legnews
2016-02-27,ger,0,0,SZ,13,legnews
2016-02-27,ger,1,0,SZ,3,legnews
2016-02-29,ger,0,0,SZ,3,legnews
2016-02-29,ger,1,0,SZ,1,legnews
2016-03-01,ger,0,0,SZ,5,legnews
2016-03-01,ger,1,0,SZ,4,legnews
2016-03-02,ger,0,0,SZ,8,legnews
2016-03-02,ger,1,0,SZ,7,legnews
2016-03-03,ger,0,0,SZ,6,legnews
2016-03-03,ger,1,0,SZ,1,legnews
2016-03-04,ger,0,0,SZ,6,legnews
2016-03-05,ger,0,0,SZ,7,legnews
2016-03-05,ger,1,0,SZ,6,legnews
2016-03-07,ger,0,0,SZ,7,legnews
2016-03-07,ger,1,0,SZ,2,legnews
2016-03-08,ger,0,0,SZ,4,legnews
2016-03-08,ger,1,0,SZ,5,legnews
2016-03-09,ger,0,0,SZ,5,legnews
2016-03-09,ger,1,0,SZ,7,legnews
2016-03-10,ger,0,0,SZ,12,legnews
2016-03-11,ger,0,0,SZ,5,legnews
2016-03-11,ger,1,0,SZ,8,legnews
2016-03-12,ger,0,0,SZ,5,legnews
2016-03-12,ger,1,0,SZ,6,legnews
2016-03-14,ger,0,0,SZ,6,legnews
2016-03-14,ger,1,0,SZ,6,legnews
2016-03-15,ger,0,0,SZ,5,legnews
2016-03-15,ger,1,0,SZ,6,legnews
2016-03-16,ger,0,0,SZ,3,legnews
2016-03-16,ger,1,0,SZ,3,legnews
2016-04-25,ger,0,0,SZ,10,legnews
2016-04-25,ger,1,0,SZ,3,legnews
2016-04-26,ger,0,0,SZ,4,legnews
2016-04-26,ger,1,0,SZ,5,legnews
2016-04-27,ger,0,0,SZ,8,legnews
2016-04-27,ger,1,0,SZ,2,legnews
2016-04-28,ger,0,0,SZ,8,legnews
2016-04-28,ger,1,0,SZ,4,legnews
2016-04-29,ger,0,0,SZ,13,legnews
2016-04-29,ger,1,0,SZ,2,legnews
2016-04-30,ger,0,0,SZ,10,legnews
2016-04-30,ger,0,1,SZ,1,legnews
2016-04-30,ger,1,0,SZ,6,legnews
2016-05-02,ger,0,0,SZ,4,legnews
2016-05-02,ger,1,0,SZ,3,legnews
2016-05-03,ger,0,0,SZ,5,legnews
2016-05-03,ger,1,0,SZ,2,legnews
2016-05-04,ger,0,0,SZ,8,legnews
2016-05-04,ger,1,0,SZ,8,legnews
2016-05-06,ger,0,0,SZ,6,legnews
2016-05-06,ger,0,1,SZ,1,legnews
2016-05-06,ger,1,0,SZ,3,legnews
2016-05-07,ger,0,0,SZ,9,legnews
2016-05-07,ger,1,0,SZ,2,legnews
2016-05-09,ger,0,0,SZ,8,legnews
2016-05-09,ger,1,0,SZ,3,legnews
2016-05-10,ger,0,0,SZ,4,legnews
2016-05-10,ger,1,0,SZ,3,legnews
2016-05-11,ger,0,0,SZ,8,legnews
2016-05-11,ger,1,0,SZ,4,legnews
2016-05-12,ger,0,0,SZ,7,legnews
2016-05-13,ger,0,0,SZ,7,legnews
2016-05-13,ger,1,0,SZ,2,legnews
2016-05-14,ger,0,0,SZ,9,legnews
2016-05-14,ger,1,0,SZ,1,legnews
2016-05-17,ger,0,0,SZ,8,legnews
2016-05-17,ger,1,0,SZ,4,legnews
2016-05-18,ger,0,0,SZ,6,legnews
2016-05-18,ger,1,0,SZ,2,legnews
2016-05-19,ger,0,0,SZ,1,legnews
2016-05-19,ger,1,0,SZ,2,legnews
2016-05-20,ger,0,0,SZ,4,legnews
2016-05-20,ger,1,0,SZ,2,legnews
2016-05-21,ger,0,0,SZ,15,legnews
2016-05-21,ger,1,0,SZ,1,legnews
2016-05-23,ger,0,0,SZ,6,legnews
2016-05-23,ger,1,0,SZ,2,legnews
2016-05-24,ger,0,0,SZ,4,legnews
2016-05-24,ger,1,0,SZ,5,legnews
2016-05-25,ger,0,0,SZ,6,legnews
2016-05-25,ger,1,0,SZ,4,legnews
2016-05-27,ger,0,0,SZ,2,legnews
2016-05-27,ger,1,0,SZ,3,legnews
2016-05-28,ger,0,0,SZ,6,legnews
2016-05-28,ger,1,0,SZ,3,legnews
2016-05-30,ger,0,0,SZ,3,legnews
2016-05-30,ger,1,0,SZ,1,legnews
2016-05-31,ger,0,0,SZ,5,legnews
2016-05-31,ger,1,0,SZ,1,legnews
2016-06-01,ger,0,0,SZ,9,legnews
2016-06-01,ger,1,0,SZ,4,legnews
2016-06-02,ger,0,0,SZ,5,legnews
2016-06-02,ger,1,0,SZ,2,legnews
2016-09-14,ger,0,0,SZ,4,legnews
2016-09-14,ger,1,0,SZ,2,legnews
2016-09-15,ger,0,0,SZ,6,legnews
2016-09-15,ger,1,0,SZ,2,legnews
2016-09-16,ger,0,0,SZ,3,legnews
2016-09-16,ger,1,0,SZ,4,legnews
2016-09-17,ger,0,0,SZ,11,legnews
2016-09-17,ger,1,0,SZ,1,legnews
2016-09-19,ger,0,0,SZ,6,legnews
2016-09-19,ger,1,0,SZ,2,legnews
2016-09-20,ger,0,0,SZ,4,legnews
2016-09-21,ger,0,0,SZ,8,legnews
2016-09-21,ger,1,0,SZ,4,legnews
2016-09-22,ger,0,0,SZ,7,legnews
2016-09-22,ger,1,0,SZ,4,legnews
2016-09-23,ger,0,0,SZ,6,legnews
2016-09-23,ger,0,1,SZ,1,legnews
2016-09-23,ger,1,0,SZ,4,legnews
2016-09-24,ger,0,0,SZ,5,legnews
2016-09-24,ger,1,0,SZ,5,legnews
2016-09-26,ger,0,0,SZ,2,legnews
2016-09-26,ger,1,0,SZ,6,legnews
2017-02-06,ger,0,0,SZ,1,legnews
2017-02-08,ger,0,0,SZ,1,legnews
2017-02-09,ger,0,0,SZ,1,legnews
2017-02-10,ger,0,0,SZ,2,legnews
2017-02-10,ger,1,0,SZ,2,legnews
2017-02-11,ger,1,0,SZ,1,legnews
2017-02-15,ger,0,0,SZ,1,legnews
2017-02-15,ger,1,0,SZ,1,legnews
2017-02-16,ger,0,0,SZ,2,legnews
2017-02-17,ger,0,0,SZ,2,legnews
2017-02-17,ger,0,1,SZ,1,legnews
2017-02-17,ger,1,0,SZ,1,legnews
2017-02-17,ger,1,1,SZ,1,legnews
2017-02-18,ger,0,0,SZ,3,legnews
2017-02-18,ger,0,1,SZ,1,legnews
2017-02-18,ger,1,0,SZ,4,legnews
2017-02-20,ger,0,0,SZ,4,legnews
2017-02-20,ger,1,0,SZ,2,legnews
2017-02-21,ger,0,0,SZ,2,legnews
2017-02-21,ger,1,0,SZ,1,legnews
2017-02-22,ger,0,0,SZ,3,legnews
2017-02-22,ger,1,0,SZ,1,legnews
2017-02-23,ger,0,0,SZ,4,legnews
2017-02-24,ger,0,0,SZ,6,legnews
2017-02-25,ger,0,0,SZ,2,legnews
2017-02-25,ger,1,0,SZ,1,legnews
2017-02-28,ger,0,0,SZ,1,legnews
2017-02-28,ger,1,0,SZ,1,legnews
2017-03-01,ger,0,0,SZ,1,legnews
2017-03-01,ger,1,0,SZ,1,legnews
2017-03-02,ger,0,0,SZ,3,legnews
2017-03-02,ger,1,0,SZ,3,legnews
2017-03-03,ger,0,0,SZ,1,legnews
2017-03-03,ger,1,0,SZ,1,legnews
2017-03-04,ger,0,0,SZ,3,legnews
2017-03-04,ger,1,0,SZ,3,legnews
2017-03-06,ger,0,0,SZ,2,legnews
2017-03-06,ger,1,0,SZ,3,legnews
2017-03-07,ger,0,0,SZ,2,legnews
2017-03-07,ger,1,0,SZ,1,legnews
2017-03-08,ger,0,0,SZ,2,legnews
2017-03-08,ger,1,0,SZ,3,legnews
2017-03-09,ger,1,0,SZ,1,legnews
2017-03-10,ger,0,0,SZ,3,legnews
2017-03-11,ger,0,0,SZ,4,legnews
2017-03-13,ger,0,0,SZ,1,legnews
2017-03-14,ger,0,0,SZ,1,legnews
2017-03-15,ger,0,0,SZ,3,legnews
2017-03-16,ger,1,1,SZ,1,legnews
2017-03-17,ger,1,0,SZ,3,legnews
2017-03-18,ger,0,0,SZ,5,legnews
2017-03-18,ger,1,0,SZ,1,legnews
2017-03-20,ger,0,0,SZ,1,legnews
2017-03-21,ger,0,0,SZ,7,legnews
2017-03-21,ger,1,0,SZ,3,legnews
2017-03-22,ger,0,0,SZ,2,legnews
2017-03-22,ger,1,0,SZ,1,legnews
2017-03-23,ger,0,0,SZ,1,legnews
2017-03-24,ger,0,0,SZ,2,legnews
2017-03-25,ger,0,0,SZ,1,legnews
2017-03-27,ger,0,0,SZ,1,legnews
2017-03-27,ger,1,0,SZ,1,legnews
2017-03-28,ger,0,0,SZ,5,legnews
2017-03-28,ger,1,0,SZ,1,legnews
2017-03-29,ger,0,0,SZ,5,legnews
2017-03-29,ger,1,0,SZ,1,legnews
2017-03-30,ger,0,0,SZ,1,legnews
2017-03-30,ger,0,1,SZ,1,legnews
2017-03-31,ger,0,0,SZ,1,legnews
2017-03-31,ger,0,1,SZ,1,legnews
2017-03-31,ger,1,0,SZ,3,legnews
2017-04-01,ger,0,0,SZ,2,legnews
2017-04-01,ger,1,0,SZ,2,legnews
2017-04-03,ger,0,0,SZ,3,legnews
2017-04-03,ger,1,0,SZ,3,legnews
2017-04-04,ger,0,0,SZ,6,legnews
2017-04-04,ger,0,1,SZ,1,legnews
2017-04-04,ger,1,0,SZ,1,legnews
2017-04-05,ger,0,0,SZ,2,legnews
2017-04-05,ger,1,0,SZ,1,legnews
2017-04-06,ger,0,0,SZ,1,legnews
2017-04-06,ger,1,0,SZ,1,legnews
2017-04-07,ger,0,0,SZ,2,legnews
2017-04-07,ger,0,1,SZ,2,legnews
2017-04-07,ger,1,0,SZ,4,legnews
2017-04-08,ger,0,0,SZ,2,legnews
2017-04-08,ger,1,0,SZ,1,legnews
2017-04-10,ger,0,0,SZ,3,legnews
2017-04-11,ger,0,0,SZ,1,legnews
2017-04-11,ger,0,1,SZ,1,legnews
2017-04-11,ger,1,0,SZ,1,legnews
2017-04-12,ger,0,0,SZ,1,legnews
2017-04-12,ger,1,0,SZ,1,legnews
2017-04-13,ger,0,0,SZ,3,legnews
2017-04-13,ger,1,0,SZ,2,legnews
2017-04-15,ger,0,0,SZ,2,legnews
2017-04-15,ger,1,0,SZ,2,legnews
2017-04-15,ger,1,1,SZ,1,legnews
2017-04-18,ger,0,0,SZ,2,legnews
2017-04-19,ger,0,0,SZ,5,legnews
2017-04-19,ger,1,0,SZ,1,legnews
2017-04-19,ger,1,1,SZ,1,legnews
2017-04-20,ger,0,0,SZ,1,legnews
2017-04-20,ger,1,0,SZ,3,legnews
2017-04-20,ger,1,1,SZ,1,legnews
2017-04-21,ger,0,0,SZ,3,legnews
2017-04-22,ger,0,0,SZ,2,legnews
2017-04-22,ger,1,0,SZ,2,legnews
2017-04-24,ger,0,0,SZ,2,legnews
2017-04-24,ger,1,0,SZ,2,legnews
2017-04-24,ger,1,1,SZ,1,legnews
2017-04-25,ger,0,0,SZ,1,legnews
2017-04-25,ger,1,0,SZ,2,legnews
2017-04-26,ger,0,0,SZ,3,legnews
2017-04-26,ger,1,0,SZ,1,legnews
2017-04-27,ger,0,0,SZ,2,legnews
2017-04-27,ger,0,1,SZ,1,legnews
2017-04-27,ger,1,0,SZ,1,legnews
2017-04-28,ger,0,0,SZ,2,legnews
2017-04-28,ger,1,0,SZ,1,legnews
2017-04-29,ger,0,0,SZ,1,legnews
2017-04-29,ger,1,0,SZ,3,legnews
2017-05-02,ger,0,1,SZ,1,legnews
2017-05-02,ger,1,0,SZ,1,legnews
2017-05-03,ger,0,0,SZ,1,legnews
2017-05-03,ger,1,0,SZ,4,legnews
2017-05-04,ger,0,1,SZ,1,legnews
2017-05-04,ger,1,0,SZ,1,legnews
2017-05-05,ger,0,0,SZ,6,legnews
2017-05-06,ger,0,0,SZ,3,legnews
2017-05-06,ger,1,0,SZ,3,legnews
2017-05-08,ger,1,0,SZ,3,legnews
2017-05-09,ger,0,0,SZ,1,legnews
2017-05-09,ger,1,0,SZ,2,legnews
2017-05-10,ger,0,0,SZ,1,legnews
2017-05-10,ger,1,0,SZ,2,legnews
2017-05-11,ger,0,0,SZ,4,legnews
2017-05-12,ger,0,0,SZ,1,legnews
2017-05-13,ger,0,0,SZ,2,legnews
2017-05-13,ger,1,0,SZ,3,legnews
2017-05-15,ger,0,0,SZ,1,legnews
2017-05-15,ger,1,0,SZ,2,legnews
2017-05-16,ger,0,0,SZ,5,legnews
2017-05-16,ger,1,0,SZ,1,legnews
2017-05-17,ger,0,0,SZ,2,legnews
2017-05-17,ger,1,0,SZ,1,legnews
2017-05-18,ger,1,0,SZ,1,legnews
2017-05-19,ger,0,0,SZ,3,legnews
2017-05-19,ger,1,0,SZ,2,legnews
2017-05-20,ger,0,0,SZ,3,legnews
2017-05-20,ger,1,0,SZ,3,legnews
2017-05-22,ger,0,0,SZ,2,legnews
2017-05-22,ger,1,0,SZ,1,legnews
2017-05-23,ger,0,0,SZ,1,legnews
2017-05-23,ger,1,0,SZ,1,legnews
2017-05-24,ger,0,0,SZ,5,legnews
2017-05-26,ger,1,0,SZ,3,legnews
2017-05-27,ger,0,0,SZ,5,legnews
2017-05-29,ger,0,0,SZ,2,legnews
2017-05-29,ger,1,0,SZ,2,legnews
2017-05-30,ger,0,0,SZ,1,legnews
2017-05-31,ger,0,0,SZ,2,legnews
2017-06-01,ger,0,0,SZ,2,legnews
2017-06-01,ger,0,1,SZ,1,legnews
2017-06-01,ger,1,0,SZ,1,legnews
2017-06-02,ger,0,0,SZ,2,legnews
2017-06-02,ger,1,0,SZ,1,legnews
2017-06-03,ger,1,1,SZ,1,legnews
2017-06-06,ger,0,0,SZ,1,legnews
2017-06-06,ger,1,0,SZ,1,legnews
2017-06-07,ger,0,0,SZ,3,legnews
2017-06-08,ger,0,0,SZ,3,legnews
2017-06-09,ger,1,0,SZ,3,legnews
2017-06-10,ger,0,0,SZ,1,legnews
2017-06-12,ger,0,0,SZ,2,legnews
2017-06-12,ger,1,0,SZ,2,legnews
2017-06-13,ger,0,0,SZ,1,legnews
2017-06-13,ger,1,0,SZ,2,legnews
2017-06-14,ger,0,0,SZ,3,legnews
2017-06-16,ger,0,0,SZ,1,legnews
2017-06-16,ger,1,0,SZ,2,legnews
2017-06-17,ger,0,0,SZ,3,legnews
2017-06-17,ger,1,0,SZ,1,legnews
2017-06-19,ger,1,0,SZ,1,legnews
2017-06-20,ger,0,0,SZ,1,legnews
2017-06-21,ger,0,0,SZ,2,legnews
2017-06-22,ger,0,0,SZ,6,legnews
2017-06-23,ger,1,0,SZ,4,legnews
2017-06-24,ger,0,0,SZ,2,legnews
2017-06-24,ger,1,0,SZ,3,legnews
2017-06-26,ger,1,0,SZ,1,legnews
2017-06-26,ger,1,1,SZ,1,legnews
2017-06-27,ger,0,0,SZ,1,legnews
2017-06-27,ger,1,0,SZ,1,legnews
2017-06-28,ger,1,0,SZ,1,legnews
2017-06-29,ger,0,0,SZ,1,legnews
2017-06-29,ger,1,0,SZ,1,legnews
2017-06-30,ger,0,0,SZ,1,legnews
2017-07-01,ger,0,0,SZ,1,legnews
2017-07-01,ger,1,0,SZ,4,legnews
2017-07-03,ger,0,0,SZ,2,legnews
2017-07-05,ger,0,0,SZ,2,legnews
2017-07-06,ger,0,0,SZ,4,legnews
2017-07-07,ger,1,0,SZ,2,legnews
2017-07-08,ger,0,0,SZ,4,legnews
2017-07-08,ger,1,0,SZ,1,legnews
2017-07-10,ger,0,0,SZ,1,legnews
2017-07-11,ger,0,0,SZ,1,legnews
2017-07-12,ger,0,0,SZ,1,legnews
2017-07-13,ger,0,0,SZ,1,legnews
2017-07-13,ger,1,0,SZ,2,legnews
2017-07-14,ger,0,0,SZ,2,legnews
2017-07-14,ger,1,0,SZ,1,legnews
2017-07-15,ger,0,0,SZ,1,legnews
2017-07-17,ger,0,0,SZ,3,legnews
2017-07-17,ger,1,0,SZ,1,legnews
2017-07-18,ger,1,0,SZ,1,legnews
2017-07-19,ger,1,0,SZ,1,legnews
2017-07-22,ger,0,0,SZ,2,legnews
2017-07-22,ger,1,0,SZ,1,legnews
2017-07-24,ger,0,0,SZ,3,legnews
2017-07-25,ger,0,0,SZ,10,legnews
2017-07-25,ger,1,0,SZ,3,legnews
2017-07-26,ger,0,0,SZ,4,legnews
2017-07-26,ger,1,0,SZ,5,legnews
2017-07-27,ger,0,0,SZ,11,legnews
2017-07-27,ger,1,0,SZ,3,legnews
2017-07-28,ger,0,0,SZ,6,legnews
2017-07-28,ger,1,0,SZ,4,legnews
2017-07-29,ger,0,0,SZ,10,legnews
2017-07-29,ger,1,0,SZ,2,legnews
2017-07-31,ger,0,0,SZ,8,legnews
2017-07-31,ger,1,0,SZ,5,legnews
2017-08-01,ger,0,0,SZ,11,legnews
2017-08-01,ger,1,0,SZ,2,legnews
2017-08-02,ger,0,0,SZ,5,legnews
2017-08-02,ger,1,0,SZ,3,legnews
2017-08-03,ger,0,0,SZ,1,legnews
2017-08-03,ger,1,0,SZ,3,legnews
2017-08-04,ger,0,0,SZ,2,legnews
2017-08-04,ger,1,0,SZ,4,legnews
2017-08-05,ger,0,0,SZ,7,legnews
2017-08-05,ger,1,0,SZ,3,legnews
2017-08-07,ger,0,0,SZ,6,legnews
2017-08-07,ger,1,0,SZ,1,legnews
2017-08-08,ger,0,0,SZ,8,legnews
2017-08-08,ger,1,0,SZ,4,legnews
2017-08-09,ger,0,0,SZ,7,legnews
2017-08-09,ger,1,0,SZ,5,legnews
2017-08-10,ger,0,0,SZ,5,legnews
2017-08-10,ger,1,0,SZ,3,legnews
2017-08-11,ger,0,0,SZ,3,legnews
2017-08-11,ger,1,0,SZ,2,legnews
2017-08-12,ger,0,0,SZ,9,legnews
2017-08-12,ger,1,0,SZ,2,legnews
2017-08-14,ger,0,0,SZ,7,legnews
2017-08-14,ger,1,0,SZ,5,legnews
2017-08-16,ger,0,0,SZ,5,legnews
2017-08-16,ger,1,0,SZ,2,legnews
2017-08-17,ger,0,0,SZ,7,legnews
2017-08-17,ger,1,0,SZ,3,legnews
2017-08-18,ger,0,0,SZ,4,legnews
2017-08-18,ger,1,0,SZ,3,legnews
2017-08-19,ger,0,0,SZ,2,legnews
2017-08-19,ger,1,0,SZ,1,legnews
2017-08-21,ger,1,0,SZ,1,legnews
2017-08-22,ger,0,0,SZ,1,legnews
2017-08-24,ger,1,0,SZ,1,legnews
2017-08-25,ger,0,0,SZ,2,legnews
2017-08-25,ger,1,0,SZ,1,legnews
2017-08-26,ger,1,0,SZ,1,legnews
2017-08-31,ger,0,0,SZ,1,legnews
2017-08-31,ger,1,0,SZ,1,legnews
2017-09-01,ger,0,0,SZ,6,legnews
2017-09-01,ger,1,0,SZ,2,legnews
2017-09-02,ger,0,0,SZ,13,legnews
2017-09-02,ger,1,0,SZ,5,legnews
2017-09-04,ger,0,0,SZ,7,legnews
2017-09-04,ger,1,0,SZ,3,legnews
2017-09-05,ger,0,0,SZ,7,legnews
2017-09-05,ger,1,0,SZ,3,legnews
2017-09-06,ger,0,0,SZ,3,legnews
2017-09-06,ger,1,0,SZ,1,legnews
2017-09-07,ger,0,0,SZ,7,legnews
2017-09-07,ger,1,0,SZ,2,legnews
2017-09-08,ger,0,0,SZ,5,legnews
2017-09-09,ger,0,0,SZ,10,legnews
2017-09-09,ger,1,0,SZ,3,legnews
2017-09-11,ger,0,0,SZ,8,legnews
2017-09-12,ger,0,0,SZ,10,legnews
2017-09-12,ger,1,0,SZ,3,legnews
2017-09-13,ger,0,0,SZ,1,legnews
2017-09-14,ger,1,0,SZ,1,legnews
2017-09-16,ger,0,0,SZ,1,legnews
2017-09-16,ger,1,0,SZ,1,legnews
2017-09-19,ger,1,0,SZ,1,legnews
2017-09-20,ger,1,0,SZ,2,legnews
2017-09-21,ger,1,0,SZ,1,legnews
2017-09-22,ger,0,1,SZ,1,legnews
2017-09-23,ger,1,0,SZ,1,legnews
2017-09-25,ger,0,0,SZ,1,legnews
2017-09-26,ger,0,0,SZ,1,legnews
2017-09-27,ger,0,0,SZ,2,legnews
2017-09-29,ger,1,0,SZ,2,legnews
2017-09-30,ger,0,0,SZ,1,legnews
2017-10-02,ger,0,0,SZ,1,legnews
2017-10-04,ger,0,0,SZ,1,legnews
2017-10-04,ger,1,0,SZ,1,legnews
2017-10-06,ger,0,0,SZ,1,legnews
2017-10-06,ger,1,0,SZ,5,legnews
2017-10-07,ger,0,0,SZ,10,legnews
2017-10-07,ger,0,1,SZ,1,legnews
2017-10-07,ger,1,0,SZ,2,legnews
2017-10-09,ger,0,0,SZ,1,legnews
2017-10-09,ger,1,0,SZ,3,legnews
2017-10-10,ger,0,0,SZ,12,legnews
2017-10-10,ger,1,0,SZ,3,legnews
2017-10-11,ger,0,0,SZ,2,legnews
2017-10-11,ger,1,0,SZ,2,legnews
2017-10-12,ger,0,0,SZ,2,legnews
2017-10-12,ger,1,0,SZ,8,legnews
2017-10-13,ger,0,0,SZ,9,legnews
2017-10-13,ger,1,0,SZ,1,legnews
2017-10-14,ger,0,0,SZ,9,legnews
2017-10-14,ger,1,0,SZ,4,legnews
2017-10-16,ger,0,0,SZ,8,legnews
2017-10-16,ger,1,0,SZ,2,legnews
2017-10-17,ger,0,0,SZ,7,legnews
2017-10-17,ger,1,0,SZ,2,legnews
2017-10-18,ger,0,0,SZ,10,legnews
2017-10-18,ger,1,0,SZ,4,legnews
2017-10-21,ger,0,0,SZ,2,legnews
2017-10-23,ger,0,0,SZ,1,legnews
2017-10-28,ger,1,0,SZ,2,legnews
2017-11-06,ger,0,0,SZ,1,legnews
2017-11-06,ger,1,0,SZ,1,legnews
2017-11-07,ger,1,0,SZ,1,legnews
2017-11-09,ger,1,0,SZ,2,legnews
2017-11-11,ger,1,0,SZ,1,legnews
2017-11-14,ger,0,0,SZ,1,legnews
2017-11-16,ger,0,0,SZ,1,legnews
2017-11-17,ger,0,0,SZ,1,legnews
2017-11-17,ger,1,0,SZ,1,legnews
2017-11-18,ger,1,0,SZ,1,legnews
2017-11-20,ger,0,0,SZ,1,legnews
2017-11-22,ger,0,0,SZ,1,legnews
2017-11-23,ger,0,0,SZ,1,legnews
2017-11-24,ger,0,0,SZ,6,legnews
2017-11-24,ger,1,0,SZ,3,legnews
2017-11-25,ger,0,0,SZ,12,legnews
2017-11-25,ger,1,0,SZ,2,legnews
2017-11-27,ger,0,0,SZ,7,legnews
2017-11-27,ger,1,0,SZ,5,legnews
2017-11-28,ger,0,0,SZ,6,legnews
2017-11-29,ger,0,0,SZ,6,legnews
2017-11-29,ger,1,0,SZ,3,legnews
2017-11-30,ger,0,0,SZ,4,legnews
2017-11-30,ger,1,0,SZ,2,legnews
2017-12-01,ger,0,0,SZ,9,legnews
2017-12-01,ger,1,0,SZ,5,legnews
2017-12-02,ger,0,0,SZ,11,legnews
2017-12-02,ger,1,0,SZ,8,legnews
2017-12-04,ger,0,0,SZ,9,legnews
2017-12-04,ger,1,0,SZ,4,legnews
2017-12-05,ger,0,0,SZ,6,legnews
2017-12-05,ger,1,0,SZ,3,legnews
2017-12-06,ger,0,0,SZ,5,legnews
2017-12-06,ger,1,0,SZ,1,legnews
2017-12-07,ger,0,0,SZ,8,legnews
2017-12-07,ger,1,0,SZ,2,legnews
2017-12-08,ger,0,0,SZ,10,legnews
2017-12-08,ger,1,0,SZ,3,legnews
2017-12-09,ger,0,0,SZ,11,legnews
2017-12-09,ger,1,0,SZ,6,legnews
2017-12-11,ger,0,0,SZ,1,legnews
2017-12-11,ger,1,0,SZ,2,legnews
2017-12-12,ger,0,0,SZ,7,legnews
2017-12-12,ger,1,0,SZ,2,legnews
2017-12-13,ger,0,0,SZ,6,legnews
2017-12-13,ger,1,0,SZ,1,legnews
2017-12-14,ger,0,0,SZ,9,legnews
2017-12-14,ger,1,0,SZ,5,legnews
2017-12-15,ger,0,0,SZ,7,legnews
2017-12-15,ger,1,0,SZ,1,legnews
2017-12-16,ger,0,0,SZ,9,legnews
2017-12-16,ger,1,0,SZ,3,legnews
2017-12-18,ger,0,0,SZ,9,legnews
2017-12-18,ger,1,0,SZ,2,legnews
2017-12-19,ger,0,0,SZ,9,legnews
2017-12-19,ger,1,0,SZ,2,legnews
2017-12-20,ger,0,0,SZ,5,legnews
2017-12-20,ger,1,0,SZ,2,legnews
2017-12-21,ger,0,0,SZ,11,legnews
2017-12-21,ger,1,0,SZ,3,legnews
2017-12-22,ger,0,0,SZ,8,legnews
2017-12-22,ger,1,0,SZ,6,legnews
2017-12-23,ger,0,0,SZ,9,legnews
2017-12-23,ger,1,0,SZ,4,legnews
2017-12-27,ger,0,0,SZ,6,legnews
2017-12-27,ger,1,0,SZ,2,legnews
2017-12-28,ger,0,0,SZ,6,legnews
2017-12-28,ger,1,0,SZ,3,legnews
2017-12-29,ger,0,0,SZ,4,legnews
2017-12-29,ger,1,0,SZ,4,legnews
2017-12-30,ger,0,0,SZ,13,legnews
2017-12-30,ger,1,0,SZ,2,legnews
2018-01-02,ger,1,0,SZ,1,legnews
2018-01-04,ger,1,0,SZ,1,legnews
2018-01-05,ger,0,0,SZ,4,legnews
2018-01-10,ger,1,0,SZ,1,legnews
2018-01-11,ger,1,0,SZ,2,legnews
2018-01-12,ger,0,0,SZ,1,legnews
2018-01-13,ger,0,0,SZ,1,legnews
2018-01-13,ger,1,0,SZ,1,legnews
2018-01-17,ger,0,0,SZ,1,legnews
2018-01-18,ger,0,0,SZ,1,legnews
2018-01-18,ger,1,0,SZ,1,legnews
2018-01-19,ger,0,0,SZ,1,legnews
2018-01-22,ger,0,0,SZ,1,legnews
2018-01-24,ger,0,0,SZ,1,legnews
2018-01-24,ger,1,0,SZ,1,legnews
2018-01-25,ger,1,0,SZ,2,legnews
2018-01-26,ger,0,0,SZ,1,legnews
2018-05-09,ger,0,0,SZ,2,legnews
2018-05-09,ger,1,0,SZ,2,legnews
2018-05-09,ger,1,1,SZ,1,legnews
2018-05-11,ger,0,0,SZ,3,legnews
2018-05-12,ger,0,0,SZ,3,legnews
2018-05-12,ger,1,0,SZ,1,legnews
2018-05-14,ger,0,0,SZ,1,legnews
2018-05-16,ger,0,0,SZ,1,legnews
2018-05-16,ger,0,1,SZ,1,legnews
2018-05-16,ger,1,0,SZ,2,legnews
2018-05-17,ger,0,0,SZ,1,legnews
2018-05-17,ger,1,0,SZ,3,legnews
2018-05-18,ger,0,0,SZ,1,legnews
2018-05-18,ger,1,0,SZ,1,legnews
2018-05-19,ger,0,0,SZ,3,legnews
2018-05-19,ger,1,0,SZ,1,legnews
2018-05-22,ger,0,0,SZ,1,legnews
2018-05-23,ger,0,0,SZ,2,legnews
2018-05-23,ger,1,0,SZ,1,legnews
2018-05-24,ger,1,0,SZ,1,legnews
2018-05-25,ger,0,0,SZ,7,legnews
2018-05-25,ger,1,0,SZ,3,legnews
2018-05-26,ger,0,0,SZ,7,legnews
2018-05-26,ger,1,0,SZ,2,legnews
2018-05-28,ger,0,0,SZ,6,legnews
2018-05-28,ger,1,0,SZ,3,legnews
2018-05-29,ger,0,0,SZ,8,legnews
2018-05-29,ger,1,0,SZ,2,legnews
2018-05-30,ger,0,0,SZ,12,legnews
2018-05-30,ger,0,1,SZ,1,legnews
2018-05-30,ger,1,0,SZ,1,legnews
2018-06-01,ger,0,0,SZ,8,legnews
2018-06-01,ger,1,0,SZ,2,legnews
2018-06-02,ger,0,0,SZ,3,legnews
2018-06-02,ger,1,0,SZ,3,legnews
2018-06-04,ger,0,0,SZ,1,legnews
2018-06-04,ger,1,0,SZ,3,legnews
2018-06-05,ger,0,0,SZ,8,legnews
2018-06-05,ger,1,0,SZ,5,legnews
2018-06-06,ger,0,0,SZ,7,legnews
2018-06-06,ger,1,0,SZ,5,legnews
2018-06-07,ger,0,0,SZ,11,legnews
2018-06-07,ger,1,0,SZ,6,legnews
2018-06-08,ger,0,0,SZ,16,legnews
2018-06-08,ger,1,0,SZ,4,legnews
2018-06-09,ger,0,0,SZ,11,legnews
2018-06-09,ger,1,0,SZ,1,legnews
2018-06-11,ger,0,0,SZ,6,legnews
2018-06-11,ger,1,0,SZ,3,legnews
2018-06-11,ger,1,1,SZ,1,legnews
2018-06-12,ger,0,0,SZ,9,legnews
2018-06-12,ger,1,0,SZ,5,legnews
2018-06-13,ger,0,0,SZ,9,legnews
2018-06-13,ger,1,0,SZ,5,legnews
2018-06-14,ger,0,0,SZ,9,legnews
2018-06-14,ger,1,0,SZ,3,legnews
2018-06-15,ger,0,0,SZ,3,legnews
2018-06-15,ger,1,0,SZ,4,legnews
2018-06-16,ger,0,0,SZ,11,legnews
2018-06-16,ger,1,0,SZ,2,legnews
2018-06-16,ger,1,1,SZ,1,legnews
2018-06-18,ger,0,0,SZ,7,legnews
2018-06-18,ger,1,0,SZ,2,legnews
2018-06-19,ger,0,0,SZ,4,legnews
2018-06-19,ger,1,0,SZ,4,legnews
2018-06-20,ger,0,0,SZ,9,legnews
2018-06-20,ger,1,0,SZ,3,legnews
2018-06-21,ger,0,0,SZ,8,legnews
2018-06-21,ger,0,1,SZ,1,legnews
2018-06-21,ger,1,0,SZ,6,legnews
2018-06-22,ger,0,0,SZ,3,legnews
2018-06-23,ger,0,0,SZ,3,legnews
2018-06-25,ger,0,0,SZ,2,legnews
2018-06-25,ger,1,0,SZ,1,legnews
2018-06-26,ger,0,0,SZ,7,legnews
2018-06-26,ger,1,0,SZ,3,legnews
2018-06-27,ger,0,0,SZ,4,legnews
2018-06-27,ger,1,0,SZ,3,legnews
2018-06-28,ger,0,0,SZ,5,legnews
2018-06-28,ger,1,0,SZ,6,legnews
2018-06-29,ger,0,0,SZ,4,legnews
2018-06-30,ger,0,0,SZ,4,legnews
2018-06-30,ger,1,0,SZ,2,legnews
2018-07-02,ger,0,0,SZ,8,legnews
2018-07-02,ger,1,0,SZ,1,legnews
2018-07-03,ger,0,0,SZ,3,legnews
2018-07-04,ger,0,0,SZ,3,legnews
2018-07-04,ger,1,0,SZ,1,legnews
2018-07-05,ger,0,0,SZ,7,legnews
2018-07-05,ger,1,0,SZ,1,legnews
2018-07-06,ger,0,0,SZ,3,legnews
2018-07-06,ger,1,0,SZ,4,legnews
2018-07-07,ger,0,0,SZ,8,legnews
2018-07-07,ger,1,0,SZ,2,legnews
2018-07-09,ger,0,0,SZ,3,legnews
2018-07-09,ger,0,1,SZ,1,legnews
2018-07-09,ger,1,0,SZ,3,legnews
2018-07-10,ger,0,0,SZ,5,legnews
2018-07-10,ger,1,0,SZ,1,legnews
2018-07-11,ger,0,0,SZ,5,legnews
2018-07-11,ger,1,0,SZ,2,legnews
2018-07-12,ger,0,0,SZ,4,legnews
2018-07-12,ger,1,0,SZ,2,legnews
2018-07-13,ger,0,0,SZ,6,legnews
2018-07-13,ger,1,0,SZ,3,legnews
2018-07-14,ger,0,0,SZ,10,legnews
2018-07-14,ger,1,0,SZ,1,legnews
2018-07-16,ger,0,0,SZ,11,legnews
2018-07-16,ger,1,0,SZ,4,legnews
2018-07-17,ger,0,0,SZ,5,legnews
2018-07-17,ger,1,0,SZ,3,legnews
2018-07-18,ger,0,0,SZ,5,legnews
2018-07-18,ger,1,0,SZ,2,legnews
2018-07-19,ger,0,0,SZ,4,legnews
2018-07-19,ger,1,0,SZ,1,legnews
2018-07-20,ger,0,0,SZ,2,legnews
2018-07-20,ger,1,0,SZ,3,legnews
2018-07-21,ger,0,0,SZ,4,legnews
2018-07-21,ger,1,0,SZ,6,legnews
2018-07-23,ger,0,0,SZ,1,legnews
2018-07-23,ger,0,1,SZ,1,legnews
2018-07-23,ger,1,0,SZ,1,legnews
2018-07-24,ger,0,0,SZ,7,legnews
2018-07-24,ger,1,0,SZ,4,legnews
2018-07-25,ger,0,0,SZ,9,legnews
2018-07-25,ger,1,0,SZ,2,legnews
2018-07-26,ger,0,0,SZ,9,legnews
2018-07-26,ger,1,0,SZ,4,legnews
2018-07-27,ger,0,0,SZ,6,legnews
2018-07-27,ger,1,0,SZ,1,legnews
2018-07-28,ger,0,0,SZ,9,legnews
2018-07-28,ger,1,0,SZ,3,legnews
2018-07-30,ger,0,0,SZ,7,legnews
2018-07-31,ger,0,0,SZ,9,legnews
2018-07-31,ger,1,0,SZ,1,legnews
2018-08-01,ger,0,0,SZ,7,legnews
2018-08-01,ger,0,1,SZ,1,legnews
2018-08-01,ger,1,0,SZ,3,legnews
2018-08-02,ger,1,0,SZ,1,legnews
2018-09-08,ger,0,0,SZ,2,legnews
2018-09-08,ger,1,0,SZ,1,legnews
2018-09-10,ger,1,0,SZ,2,legnews
2018-09-11,ger,0,0,SZ,4,legnews
2018-09-11,ger,1,0,SZ,1,legnews
2018-09-12,ger,0,0,SZ,2,legnews
2018-09-12,ger,0,1,SZ,1,legnews
2018-09-12,ger,1,0,SZ,4,legnews
2018-09-13,ger,0,0,SZ,1,legnews
2018-09-13,ger,1,0,SZ,2,legnews
2018-09-14,ger,0,0,SZ,3,legnews
2018-09-14,ger,1,0,SZ,1,legnews
2018-09-14,ger,1,1,SZ,1,legnews
2018-09-15,ger,0,0,SZ,3,legnews
2018-09-15,ger,0,1,SZ,1,legnews
2018-09-15,ger,1,0,SZ,1,legnews
2018-09-15,ger,1,1,SZ,1,legnews
2018-09-17,ger,0,0,SZ,2,legnews
2018-09-17,ger,1,0,SZ,1,legnews
2018-09-18,ger,0,0,SZ,2,legnews
2018-09-18,ger,1,0,SZ,1,legnews
2018-09-19,ger,0,0,SZ,3,legnews
2018-09-19,ger,1,0,SZ,2,legnews
2018-09-20,ger,1,0,SZ,1,legnews
2018-09-21,ger,0,0,SZ,1,legnews
2018-09-21,ger,1,0,SZ,1,legnews
2018-09-22,ger,0,0,SZ,3,legnews
2018-09-22,ger,1,0,SZ,2,legnews
2018-09-24,ger,1,0,SZ,1,legnews
2018-09-26,ger,0,0,SZ,1,legnews
2018-09-27,ger,0,0,SZ,2,legnews
2018-09-27,ger,1,0,SZ,2,legnews
2018-09-28,ger,1,0,SZ,2,legnews
2018-09-29,ger,0,0,SZ,2,legnews
2018-09-29,ger,1,0,SZ,1,legnews
2018-10-01,ger,1,0,SZ,1,legnews
2018-10-02,ger,0,0,SZ,3,legnews
2018-10-02,ger,1,0,SZ,3,legnews
2018-10-02,ger,1,1,SZ,2,legnews
2018-10-04,ger,0,0,SZ,3,legnews
2018-10-04,ger,0,1,SZ,1,legnews
2018-10-04,ger,1,0,SZ,1,legnews
2018-10-06,ger,0,0,SZ,2,legnews
2018-10-08,ger,1,0,SZ,1,legnews
2018-10-09,ger,0,0,SZ,3,legnews
2018-10-09,ger,1,0,SZ,4,legnews
2018-10-10,ger,0,0,SZ,2,legnews
2018-10-10,ger,1,0,SZ,2,legnews
2018-10-11,ger,0,0,SZ,10,legnews
2018-10-11,ger,1,0,SZ,2,legnews
2018-10-12,ger,0,0,SZ,2,legnews
2018-10-13,ger,0,0,SZ,3,legnews
2018-10-13,ger,1,0,SZ,3,legnews
2018-10-15,ger,0,0,SZ,6,legnews
2018-10-15,ger,1,0,SZ,9,legnews
2018-10-16,ger,0,0,SZ,13,legnews
2018-10-16,ger,1,0,SZ,7,legnews
2018-10-17,ger,0,0,SZ,8,legnews
2018-10-17,ger,1,0,SZ,2,legnews
2018-10-18,ger,0,0,SZ,15,legnews
2018-10-18,ger,1,0,SZ,6,legnews
2018-10-19,ger,0,0,SZ,6,legnews
2018-10-19,ger,1,0,SZ,2,legnews
2018-10-20,ger,0,0,SZ,9,legnews
2018-10-20,ger,1,0,SZ,1,legnews
2018-10-22,ger,0,0,SZ,3,legnews
2018-10-22,ger,1,0,SZ,5,legnews
2018-10-23,ger,0,0,SZ,7,legnews
2018-10-23,ger,1,0,SZ,2,legnews
2018-10-24,ger,0,0,SZ,17,legnews
2018-10-24,ger,0,1,SZ,2,legnews
2018-10-24,ger,1,0,SZ,2,legnews
2018-10-25,ger,0,0,SZ,8,legnews
2018-10-25,ger,0,1,SZ,1,legnews
2018-10-25,ger,1,0,SZ,3,legnews
2018-10-26,ger,0,0,SZ,11,legnews
2018-10-26,ger,1,0,SZ,2,legnews
2018-10-27,ger,0,0,SZ,11,legnews
2018-10-27,ger,0,1,SZ,4,legnews
2018-10-27,ger,1,0,SZ,1,legnews
2018-10-29,ger,0,0,SZ,13,legnews
2018-10-29,ger,0,1,SZ,2,legnews
2018-10-29,ger,1,0,SZ,5,legnews
2018-10-29,ger,1,1,SZ,1,legnews
2018-10-30,ger,0,0,SZ,8,legnews
2018-10-30,ger,1,0,SZ,6,legnews
2018-10-31,ger,0,0,SZ,7,legnews
2018-10-31,ger,1,0,SZ,5,legnews
2018-11-02,ger,0,0,SZ,1,legnews
2018-11-02,ger,1,0,SZ,1,legnews
2018-11-03,ger,0,0,SZ,3,legnews
2018-11-03,ger,1,0,SZ,1,legnews
2018-11-05,ger,0,0,SZ,1,legnews
2018-11-06,ger,0,0,SZ,1,legnews
2018-11-06,ger,1,0,SZ,1,legnews
2018-11-07,ger,0,0,SZ,3,legnews
2018-11-07,ger,1,0,SZ,1,legnews
2018-11-08,ger,0,0,SZ,1,legnews
2018-11-09,ger,0,0,SZ,1,legnews
2018-11-09,ger,1,0,SZ,2,legnews
2018-11-10,ger,0,0,SZ,2,legnews
2018-11-10,ger,0,1,SZ,1,legnews
2018-11-13,ger,0,0,SZ,6,legnews
2018-11-13,ger,1,0,SZ,3,legnews
2018-11-14,ger,0,0,SZ,3,legnews
2018-11-14,ger,1,0,SZ,2,legnews
2018-11-15,ger,0,0,SZ,6,legnews
2018-11-15,ger,1,0,SZ,2,legnews
2018-11-15,ger,1,1,SZ,1,legnews
2018-11-16,ger,0,0,SZ,4,legnews
2018-11-16,ger,0,1,SZ,1,legnews
2018-11-16,ger,1,0,SZ,6,legnews
2018-11-17,ger,0,0,SZ,15,legnews
2018-11-17,ger,1,0,SZ,9,legnews
2018-11-19,ger,0,0,SZ,5,legnews
2018-11-19,ger,1,0,SZ,2,legnews
2018-11-20,ger,0,0,SZ,8,legnews
2018-11-20,ger,1,0,SZ,6,legnews
2018-11-21,ger,0,0,SZ,5,legnews
2018-11-21,ger,1,0,SZ,2,legnews
2018-11-22,ger,0,0,SZ,10,legnews
2018-11-22,ger,1,0,SZ,3,legnews
2018-11-23,ger,0,0,SZ,7,legnews
2018-11-23,ger,1,0,SZ,4,legnews
2018-11-24,ger,0,0,SZ,8,legnews
2018-11-24,ger,1,0,SZ,3,legnews
2018-11-26,ger,1,0,SZ,1,legnews
2018-11-27,ger,0,0,SZ,1,legnews
2018-11-28,ger,0,0,SZ,1,legnews
2018-11-28,ger,1,0,SZ,2,legnews
2018-11-29,ger,0,0,SZ,3,legnews
2018-11-29,ger,1,0,SZ,1,legnews
2018-11-30,ger,0,0,SZ,2,legnews
2018-11-30,ger,0,1,SZ,1,legnews
2018-12-01,ger,0,0,SZ,2,legnews
2018-12-01,ger,1,0,SZ,2,legnews
2018-12-04,ger,0,0,SZ,2,legnews
2018-12-05,ger,0,0,SZ,1,legnews
2018-12-05,ger,1,0,SZ,2,legnews
2018-12-06,ger,0,0,SZ,1,legnews
2018-12-07,ger,0,0,SZ,2,legnews
2018-12-08,ger,0,0,SZ,1,legnews
2018-12-10,ger,1,0,SZ,2,legnews
2018-12-11,ger,0,0,SZ,1,legnews
2018-12-12,ger,0,0,SZ,1,legnews
2018-12-13,ger,0,0,SZ,1,legnews
2018-12-14,ger,0,0,SZ,2,legnews
2018-12-15,ger,0,0,SZ,5,legnews
2018-12-15,ger,1,1,SZ,1,legnews
2018-12-17,ger,0,0,SZ,4,legnews
2018-12-17,ger,1,0,SZ,2,legnews
2018-12-19,ger,0,0,SZ,2,legnews
2018-12-19,ger,1,0,SZ,2,legnews
2018-12-20,ger,1,0,SZ,1,legnews
2018-12-21,ger,0,0,SZ,1,legnews
2018-12-21,ger,1,0,SZ,1,legnews
2018-12-22,ger,0,0,SZ,2,legnews
2018-12-24,ger,0,0,SZ,2,legnews
2018-12-24,ger,1,0,SZ,2,legnews
2018-12-27,ger,0,0,SZ,2,legnews
2018-12-28,ger,0,0,SZ,1,legnews
2018-12-29,ger,0,0,SZ,3,legnews
2018-12-31,ger,0,0,SZ,2,legnews
2018-12-31,ger,1,0,SZ,3,legnews
2019-01-03,ger,0,0,SZ,1,legnews
2019-01-03,ger,1,0,SZ,1,legnews
2019-01-04,ger,0,0,SZ,1,legnews
2019-01-04,ger,1,0,SZ,1,legnews
2019-01-05,ger,0,0,SZ,1,legnews
2019-01-07,ger,0,0,SZ,1,legnews
2019-01-08,ger,1,0,SZ,3,legnews
2019-01-10,ger,0,0,SZ,1,legnews
2019-01-10,ger,1,0,SZ,2,legnews
2019-01-11,ger,0,0,SZ,5,legnews
2019-01-11,ger,1,0,SZ,2,legnews
2019-01-12,ger,0,0,SZ,4,legnews
2019-01-14,ger,0,0,SZ,1,legnews
2019-01-14,ger,1,0,SZ,1,legnews
2019-01-15,ger,0,0,SZ,2,legnews
2019-01-15,ger,1,0,SZ,2,legnews
2019-01-16,ger,0,0,SZ,4,legnews
2019-01-16,ger,1,0,SZ,2,legnews
2019-01-17,ger,0,0,SZ,2,legnews
2019-01-18,ger,0,0,SZ,1,legnews
2019-01-18,ger,1,0,SZ,1,legnews
2019-01-19,ger,0,0,SZ,2,legnews
2019-01-21,ger,0,0,SZ,2,legnews
2019-01-21,ger,1,0,SZ,1,legnews
2019-01-22,ger,1,0,SZ,1,legnews
2019-01-23,ger,0,0,SZ,3,legnews
2019-01-24,ger,0,0,SZ,2,legnews
2019-01-24,ger,1,0,SZ,1,legnews
2019-01-25,ger,0,0,SZ,3,legnews
2019-01-25,ger,1,1,SZ,1,legnews
2019-01-26,ger,0,0,SZ,2,legnews
2019-01-26,ger,1,0,SZ,3,legnews
2019-01-29,ger,0,0,SZ,1,legnews
2019-01-30,ger,0,0,SZ,1,legnews
2019-01-31,ger,0,0,SZ,1,legnews
2019-02-01,ger,0,0,SZ,1,legnews
2019-02-01,ger,1,0,SZ,1,legnews
2019-02-02,ger,0,0,SZ,5,legnews
2019-02-02,ger,1,0,SZ,1,legnews
2019-02-05,ger,0,0,SZ,2,legnews
2019-02-05,ger,1,0,SZ,1,legnews
2019-02-06,ger,0,0,SZ,1,legnews
2019-02-06,ger,1,0,SZ,2,legnews
2019-02-07,ger,0,0,SZ,3,legnews
2019-02-07,ger,1,0,SZ,2,legnews
2019-02-08,ger,0,0,SZ,10,legnews
2019-02-08,ger,1,0,SZ,2,legnews
2019-02-09,ger,0,0,SZ,10,legnews
2019-02-09,ger,1,0,SZ,7,legnews
2019-02-11,ger,0,0,SZ,4,legnews
2019-02-11,ger,1,0,SZ,2,legnews
2019-02-12,ger,0,0,SZ,4,legnews
2019-02-12,ger,1,0,SZ,4,legnews
2019-02-13,ger,0,0,SZ,4,legnews
2019-02-13,ger,1,0,SZ,5,legnews
2019-02-14,ger,0,0,SZ,13,legnews
2019-02-14,ger,1,0,SZ,8,legnews
2019-02-15,ger,0,0,SZ,2,legnews
2019-02-15,ger,1,0,SZ,4,legnews
2019-02-16,ger,0,0,SZ,7,legnews
2019-02-16,ger,1,0,SZ,1,legnews
2019-02-18,ger,0,0,SZ,9,legnews
2019-02-18,ger,1,0,SZ,4,legnews
2019-02-19,ger,0,0,SZ,7,legnews
2019-02-19,ger,1,0,SZ,2,legnews
2019-02-20,ger,0,0,SZ,7,legnews
2019-02-20,ger,1,0,SZ,2,legnews
2019-02-21,ger,0,0,SZ,7,legnews
2019-02-21,ger,1,0,SZ,4,legnews
2019-02-21,ger,1,1,SZ,1,legnews
2019-02-22,ger,0,0,SZ,5,legnews
2019-02-22,ger,1,0,SZ,1,legnews
2019-02-23,ger,0,0,SZ,7,legnews
2019-02-23,ger,0,1,SZ,1,legnews
2019-02-23,ger,1,0,SZ,4,legnews
2019-02-25,ger,0,0,SZ,5,legnews
2019-02-25,ger,0,1,SZ,1,legnews
2019-02-26,ger,0,0,SZ,4,legnews
2019-02-27,ger,0,0,SZ,4,legnews
2019-02-27,ger,1,0,SZ,2,legnews
2019-02-28,ger,0,0,SZ,4,legnews
2019-02-28,ger,1,0,SZ,6,legnews
2019-03-01,ger,0,0,SZ,4,legnews
2019-03-01,ger,1,0,SZ,1,legnews
2019-03-01,ger,1,1,SZ,1,legnews
2019-03-02,ger,0,0,SZ,8,legnews
2019-03-02,ger,1,0,SZ,2,legnews
2019-03-04,ger,0,0,SZ,12,legnews
2019-03-04,ger,1,0,SZ,6,legnews
2019-03-05,ger,0,0,SZ,3,legnews
2019-03-05,ger,1,0,SZ,1,legnews
2019-03-06,ger,0,0,SZ,4,legnews
2019-03-06,ger,1,0,SZ,2,legnews
2019-03-07,ger,0,0,SZ,5,legnews
2019-03-07,ger,1,0,SZ,5,legnews
2019-03-08,ger,0,0,SZ,6,legnews
2019-03-08,ger,1,0,SZ,2,legnews
2019-03-09,ger,0,0,SZ,8,legnews
2019-03-09,ger,1,0,SZ,1,legnews
2019-03-11,ger,0,0,SZ,7,legnews
2019-03-11,ger,1,0,SZ,6,legnews
2019-03-12,ger,0,0,SZ,4,legnews
2019-03-12,ger,1,0,SZ,4,legnews
2019-03-13,ger,0,0,SZ,10,legnews
2019-03-13,ger,1,0,SZ,3,legnews
2019-03-14,ger,0,0,SZ,7,legnews
2019-03-14,ger,1,0,SZ,4,legnews
2019-03-15,ger,0,0,SZ,7,legnews
2019-03-15,ger,1,0,SZ,4,legnews
2019-03-16,ger,0,0,SZ,7,legnews
2019-03-16,ger,1,0,SZ,4,legnews
2019-03-18,ger,0,0,SZ,5,legnews
2019-03-18,ger,1,0,SZ,1,legnews
2019-03-19,ger,0,0,SZ,7,legnews
2019-03-19,ger,0,1,SZ,1,legnews
2019-03-19,ger,1,0,SZ,7,legnews
2019-03-20,ger,0,0,SZ,9,legnews
2019-03-20,ger,1,0,SZ,1,legnews
2019-03-21,ger,0,0,SZ,8,legnews
2019-03-21,ger,1,0,SZ,1,legnews
2019-03-22,ger,0,0,SZ,9,legnews
2019-03-22,ger,1,0,SZ,3,legnews
2019-03-23,ger,0,0,SZ,5,legnews
2019-03-23,ger,1,0,SZ,4,legnews
2019-03-25,ger,0,0,SZ,7,legnews
2019-03-25,ger,1,0,SZ,3,legnews
2019-03-26,ger,0,0,SZ,4,legnews
2019-03-26,ger,1,0,SZ,4,legnews
2019-03-27,ger,0,0,SZ,9,legnews
2019-03-27,ger,1,0,SZ,1,legnews
2019-03-28,ger,0,0,SZ,5,legnews
2019-03-28,ger,1,0,SZ,2,legnews
2019-03-29,ger,0,0,SZ,1,legnews
2020-01-02,ger,0,0,SZ,1,legnews
2020-01-03,ger,0,0,SZ,3,legnews
2020-01-03,ger,1,0,SZ,2,legnews
2020-01-04,ger,0,0,SZ,3,legnews
2020-01-07,ger,0,0,SZ,2,legnews
2020-01-07,ger,1,0,SZ,2,legnews
2020-01-09,ger,1,0,SZ,1,legnews
2020-01-10,ger,0,0,SZ,1,legnews
2020-01-13,ger,0,0,SZ,1,legnews
2020-01-13,ger,1,0,SZ,3,legnews
2020-01-14,ger,1,0,SZ,1,legnews
2020-01-15,ger,0,0,SZ,2,legnews
2020-01-16,ger,0,0,SZ,2,legnews
2020-01-17,ger,0,0,SZ,1,legnews
2020-01-17,ger,1,0,SZ,1,legnews
2020-01-18,ger,0,0,SZ,3,legnews
2020-01-18,ger,1,0,SZ,1,legnews
2020-01-20,ger,0,0,SZ,3,legnews
2020-01-21,ger,0,1,SZ,1,legnews
2020-01-21,ger,1,0,SZ,2,legnews
2020-01-22,ger,1,0,SZ,2,legnews
2020-01-23,ger,0,0,SZ,3,legnews
2020-01-23,ger,0,1,SZ,1,legnews
2020-01-23,ger,1,0,SZ,1,legnews
2020-01-24,ger,0,0,SZ,3,legnews
2020-01-24,ger,1,0,SZ,2,legnews
2020-01-25,ger,0,0,SZ,2,legnews
2020-01-25,ger,1,0,SZ,3,legnews
2020-01-27,ger,1,0,SZ,2,legnews
2020-01-28,ger,1,0,SZ,2,legnews
2020-01-29,ger,0,0,SZ,2,legnews
2020-01-29,ger,1,0,SZ,1,legnews
2020-01-31,ger,0,0,SZ,2,legnews
2020-01-31,ger,1,0,SZ,2,legnews
2020-02-01,ger,0,0,SZ,3,legnews
2020-02-03,ger,0,0,SZ,2,legnews
2020-02-04,ger,1,0,SZ,1,legnews
2020-02-05,ger,0,0,SZ,3,legnews
2020-02-05,ger,1,0,SZ,1,legnews
2020-02-06,ger,1,0,SZ,1,legnews
2020-02-07,ger,0,0,SZ,1,legnews
2020-02-08,ger,0,0,SZ,1,legnews
2020-02-08,ger,1,0,SZ,1,legnews
2020-02-11,ger,0,0,SZ,1,legnews
2020-02-11,ger,1,0,SZ,2,legnews
2020-02-12,ger,0,0,SZ,6,legnews
2020-02-12,ger,1,0,SZ,4,legnews
2020-02-13,ger,0,0,SZ,8,legnews
2020-02-13,ger,0,1,SZ,1,legnews
2020-02-13,ger,1,0,SZ,2,legnews
2020-02-14,ger,0,0,SZ,7,legnews
2020-02-14,ger,1,0,SZ,2,legnews
2020-02-15,ger,0,0,SZ,10,legnews
2020-02-15,ger,1,0,SZ,2,legnews
2020-02-17,ger,0,0,SZ,2,legnews
2020-02-17,ger,0,1,SZ,1,legnews
2020-02-17,ger,1,0,SZ,1,legnews
2020-02-18,ger,0,0,SZ,8,legnews
2020-02-18,ger,1,0,SZ,7,legnews
2020-02-19,ger,0,0,SZ,3,legnews
2020-02-19,ger,1,0,SZ,6,legnews
2020-02-20,ger,0,0,SZ,8,legnews
2020-02-20,ger,1,0,SZ,1,legnews
2020-02-21,ger,0,0,SZ,2,legnews
2020-02-21,ger,1,0,SZ,4,legnews
2020-02-22,ger,0,0,SZ,12,legnews
2020-02-22,ger,1,0,SZ,5,legnews
2020-02-24,ger,0,0,SZ,5,legnews
2020-02-24,ger,1,0,SZ,2,legnews
2020-02-25,ger,0,0,SZ,5,legnews
2020-02-25,ger,1,0,SZ,3,legnews
2020-02-26,ger,0,0,SZ,4,legnews
2020-02-26,ger,1,0,SZ,4,legnews
2020-02-27,ger,0,0,SZ,6,legnews
2020-02-27,ger,1,0,SZ,2,legnews
2020-02-28,ger,0,0,SZ,4,legnews
2020-02-29,ger,0,0,SZ,7,legnews
2020-02-29,ger,1,0,SZ,4,legnews
2020-03-02,ger,0,0,SZ,5,legnews
2020-03-02,ger,1,0,SZ,2,legnews
2020-03-03,ger,0,0,SZ,1,legnews
2020-03-04,ger,0,0,SZ,4,legnews
2020-03-04,ger,1,0,SZ,1,legnews
2020-03-05,ger,0,0,SZ,4,legnews
2020-03-05,ger,1,0,SZ,3,legnews
2020-03-06,ger,0,0,SZ,10,legnews
2020-03-06,ger,1,0,SZ,2,legnews
2020-03-07,ger,0,0,SZ,8,legnews
2020-03-07,ger,1,0,SZ,3,legnews
2020-03-09,ger,0,0,SZ,3,legnews
2020-03-09,ger,1,0,SZ,2,legnews
2020-03-10,ger,0,0,SZ,7,legnews
2020-03-10,ger,1,0,SZ,2,legnews
2020-03-11,ger,0,0,SZ,2,legnews
2020-03-11,ger,1,0,SZ,3,legnews
2020-03-12,ger,0,0,SZ,7,legnews
2020-03-12,ger,1,0,SZ,2,legnews
2020-03-13,ger,0,0,SZ,7,legnews
2020-03-13,ger,1,0,SZ,4,legnews
2020-03-14,ger,0,0,SZ,11,legnews
2020-03-14,ger,1,0,SZ,3,legnews
2020-03-16,ger,0,0,SZ,8,legnews
2020-03-16,ger,1,0,SZ,2,legnews
2020-03-17,ger,0,0,SZ,5,legnews
2020-03-17,ger,1,0,SZ,2,legnews
2020-03-18,ger,0,0,SZ,3,legnews
2020-03-18,ger,1,0,SZ,2,legnews
2020-03-19,ger,0,0,SZ,1,legnews
2020-03-20,ger,0,0,SZ,2,legnews
2020-03-20,ger,1,0,SZ,3,legnews
2020-03-21,ger,0,0,SZ,1,legnews
2020-03-21,ger,1,0,SZ,1,legnews
2020-03-23,ger,0,0,SZ,2,legnews
2020-03-24,ger,0,0,SZ,2,legnews
2020-03-27,ger,0,0,SZ,2,legnews
2020-03-28,ger,0,0,SZ,3,legnews
2020-04-01,ger,0,0,SZ,6,legnews
2020-04-01,ger,1,0,SZ,3,legnews
2020-04-02,ger,0,0,SZ,6,legnews
2020-04-02,ger,1,0,SZ,2,legnews
2020-04-03,ger,0,0,SZ,6,legnews
2020-04-03,ger,1,0,SZ,1,legnews
2020-04-04,ger,0,0,SZ,9,legnews
2020-04-04,ger,1,0,SZ,1,legnews
2020-04-06,ger,0,0,SZ,5,legnews
2020-04-07,ger,0,0,SZ,4,legnews
2020-04-07,ger,1,0,SZ,1,legnews
2020-04-08,ger,0,0,SZ,3,legnews
2020-04-08,ger,1,0,SZ,4,legnews
2020-04-09,ger,0,0,SZ,5,legnews
2020-04-09,ger,1,0,SZ,1,legnews
2020-04-11,ger,0,0,SZ,2,legnews
2020-04-11,ger,0,1,SZ,3,legnews
2020-04-11,ger,1,0,SZ,4,legnews
2020-04-14,ger,0,0,SZ,5,legnews
2020-04-14,ger,1,0,SZ,1,legnews
2020-04-15,ger,0,0,SZ,1,legnews
2020-04-15,ger,1,0,SZ,4,legnews
2020-04-16,ger,0,0,SZ,4,legnews
2020-04-16,ger,1,0,SZ,2,legnews
2020-04-17,ger,0,0,SZ,3,legnews
2020-04-17,ger,1,0,SZ,2,legnews
2020-04-18,ger,0,0,SZ,3,legnews
2020-04-18,ger,1,0,SZ,6,legnews
2020-04-20,ger,0,0,SZ,7,legnews
2020-04-20,ger,1,0,SZ,2,legnews
2020-04-21,ger,0,0,SZ,5,legnews
2020-04-22,ger,0,0,SZ,2,legnews
2020-04-22,ger,1,0,SZ,1,legnews
2020-05-02,ger,0,0,SZ,3,legnews
2020-05-02,ger,1,0,SZ,1,legnews
2020-05-04,ger,1,0,SZ,1,legnews
2020-05-07,ger,0,0,SZ,1,legnews
2020-05-08,ger,0,0,SZ,1,legnews
2020-05-12,ger,0,0,SZ,1,legnews
2020-05-13,ger,1,0,SZ,2,legnews
2020-05-15,ger,0,0,SZ,1,legnews
2020-05-16,ger,0,0,SZ,1,legnews
2020-05-20,ger,0,0,SZ,2,legnews
2020-05-27,ger,0,0,SZ,1,legnews
2020-05-28,ger,0,0,SZ,2,legnews
2020-05-28,ger,1,0,SZ,1,legnews
2020-05-29,ger,0,0,SZ,1,legnews
2020-05-30,ger,0,0,SZ,3,legnews
2020-06-02,ger,0,0,SZ,1,legnews
2020-06-04,ger,1,0,SZ,1,legnews
2020-06-05,ger,0,0,SZ,1,legnews
2020-06-06,ger,0,0,SZ,1,legnews
2020-06-08,ger,1,0,SZ,1,legnews
2020-06-13,ger,0,0,SZ,2,legnews
2020-06-15,ger,0,0,SZ,2,legnews
2020-06-16,ger,1,0,SZ,1,legnews
2020-06-17,ger,0,0,SZ,1,legnews
2020-06-18,ger,0,0,SZ,1,legnews
2020-06-19,ger,1,0,SZ,1,legnews
2020-06-20,ger,0,0,SZ,1,legnews
2020-06-22,ger,0,0,SZ,1,legnews
2020-06-22,ger,1,0,SZ,1,legnews
2020-06-23,ger,0,0,SZ,1,legnews
2020-06-26,ger,0,0,SZ,1,legnews
2020-06-26,ger,1,0,SZ,1,legnews
2020-06-27,ger,0,0,SZ,1,legnews
2020-07-01,ger,0,0,SZ,1,legnews
2020-07-01,ger,0,1,SZ,1,legnews
2020-07-02,ger,0,0,SZ,1,legnews
2020-07-04,ger,0,0,SZ,1,legnews
2020-07-06,ger,0,0,SZ,1,legnews
2020-07-07,ger,0,0,SZ,1,legnews
2020-07-08,ger,1,0,SZ,1,legnews
2020-07-09,ger,0,0,SZ,1,legnews
2020-07-13,ger,0,0,SZ,1,legnews
2020-07-16,ger,1,0,SZ,1,legnews
2020-07-17,ger,0,0,SZ,2,legnews
2020-07-18,ger,1,0,SZ,1,legnews
2020-07-20,ger,1,0,SZ,1,legnews
2020-07-23,ger,0,0,SZ,1,legnews
2020-07-23,ger,1,0,SZ,1,legnews
2020-07-24,ger,0,0,SZ,1,legnews
2020-07-25,ger,1,0,SZ,1,legnews
2020-07-28,ger,0,0,SZ,1,legnews
2020-07-31,ger,0,0,SZ,2,legnews
2020-08-01,ger,1,0,SZ,1,legnews
2020-08-04,ger,0,0,SZ,1,legnews
2020-08-05,ger,0,0,SZ,2,legnews
2020-08-06,ger,0,0,SZ,1,legnews
2020-08-08,ger,0,0,SZ,2,legnews
2020-08-08,ger,0,1,SZ,1,legnews
2020-08-08,ger,1,0,SZ,1,legnews
2020-08-10,ger,0,0,SZ,1,legnews
2020-08-11,ger,0,0,SZ,2,legnews
2020-08-12,ger,0,0,SZ,1,legnews
2020-08-13,ger,0,0,SZ,1,legnews
2020-08-14,ger,0,0,SZ,1,legnews
2020-08-14,ger,1,0,SZ,1,legnews
2020-08-17,ger,0,0,SZ,1,legnews
2020-08-17,ger,1,0,SZ,1,legnews
2020-08-18,ger,0,0,SZ,1,legnews
2020-08-19,ger,0,0,SZ,4,legnews
2020-08-19,ger,1,0,SZ,1,legnews
2020-08-20,ger,0,0,SZ,10,legnews
2020-08-20,ger,1,0,SZ,1,legnews
2020-08-21,ger,0,0,SZ,4,legnews
2020-08-21,ger,1,0,SZ,2,legnews
2020-08-22,ger,0,0,SZ,4,legnews
2020-08-22,ger,1,0,SZ,3,legnews
2020-08-24,ger,0,0,SZ,6,legnews
2020-08-25,ger,0,0,SZ,5,legnews
2020-08-25,ger,1,0,SZ,1,legnews
2020-08-26,ger,1,0,SZ,3,legnews
2020-08-27,ger,0,0,SZ,4,legnews
2020-08-27,ger,1,0,SZ,3,legnews
2020-08-28,ger,0,0,SZ,2,legnews
2020-08-28,ger,1,0,SZ,1,legnews
2020-08-29,ger,0,0,SZ,8,legnews
2020-08-29,ger,1,0,SZ,2,legnews
2020-08-31,ger,0,0,SZ,2,legnews
2020-08-31,ger,1,0,SZ,1,legnews
2020-09-01,ger,0,0,SZ,2,legnews
2020-09-01,ger,0,1,SZ,1,legnews
2020-09-02,ger,0,0,SZ,4,legnews
2020-09-02,ger,1,0,SZ,4,legnews
2020-09-03,ger,0,0,SZ,7,legnews
2020-09-03,ger,0,1,SZ,1,legnews
2020-09-03,ger,1,0,SZ,1,legnews
2020-09-04,ger,0,0,SZ,4,legnews
2020-09-04,ger,1,0,SZ,1,legnews
2020-09-05,ger,0,0,SZ,5,legnews
2020-09-05,ger,1,0,SZ,2,legnews
2020-09-07,ger,0,0,SZ,2,legnews
2020-09-07,ger,1,0,SZ,4,legnews
2020-09-08,ger,0,0,SZ,5,legnews
2020-09-08,ger,1,0,SZ,1,legnews
2020-09-09,ger,0,0,SZ,2,legnews
2020-09-09,ger,1,0,SZ,2,legnews
2020-09-10,ger,0,0,SZ,2,legnews
2020-09-12,ger,0,0,SZ,1,legnews
2020-09-12,ger,1,0,SZ,1,legnews
2020-09-14,ger,0,0,SZ,2,legnews
2020-09-18,ger,0,0,SZ,3,legnews
2020-09-21,ger,0,0,SZ,2,legnews
2020-09-22,ger,0,0,SZ,1,legnews
2020-09-23,ger,0,0,SZ,2,legnews
2020-09-25,ger,0,0,SZ,1,legnews
2020-09-26,ger,0,0,SZ,2,legnews
2020-09-28,ger,0,0,SZ,1,legnews
2020-10-01,ger,1,0,SZ,2,legnews
2020-10-02,ger,0,0,SZ,3,legnews
2020-10-02,ger,1,0,SZ,1,legnews
2020-10-05,ger,1,0,SZ,1,legnews
2020-10-06,ger,1,0,SZ,1,legnews
2020-10-07,ger,0,0,SZ,1,legnews
2020-10-08,ger,0,0,SZ,1,legnews
2020-10-10,ger,0,0,SZ,2,legnews
2020-10-10,ger,1,0,SZ,1,legnews
2020-10-12,ger,0,0,SZ,1,legnews
2020-10-13,ger,0,0,SZ,2,legnews
2020-10-13,ger,1,0,SZ,1,legnews
2020-10-15,ger,0,0,SZ,1,legnews
2020-10-16,ger,1,0,SZ,1,legnews
2020-10-17,ger,0,0,SZ,1,legnews
2020-10-19,ger,0,0,SZ,2,legnews
2020-10-20,ger,1,0,SZ,1,legnews
2020-10-23,ger,1,0,SZ,2,legnews
2020-10-26,ger,0,0,SZ,1,legnews
2020-10-28,ger,0,0,SZ,1,legnews
2020-10-28,ger,1,0,SZ,1,legnews
2020-10-29,ger,0,0,SZ,1,legnews
2020-10-30,ger,1,0,SZ,1,legnews
2020-10-31,ger,1,0,SZ,2,legnews
2020-11-02,ger,0,0,SZ,1,legnews
2020-11-02,ger,1,0,SZ,2,legnews
2020-11-03,ger,0,0,SZ,5,legnews
2020-11-03,ger,1,0,SZ,2,legnews
2020-11-04,ger,0,0,SZ,4,legnews
2020-11-05,ger,0,0,SZ,6,legnews
2020-11-05,ger,1,0,SZ,3,legnews
2020-11-06,ger,0,0,SZ,3,legnews
2020-11-06,ger,1,0,SZ,4,legnews
2020-11-07,ger,0,0,SZ,5,legnews
2020-11-07,ger,1,0,SZ,3,legnews
2020-11-09,ger,0,0,SZ,3,legnews
2020-11-09,ger,1,0,SZ,2,legnews
2020-11-10,ger,0,0,SZ,8,legnews
2020-11-10,ger,1,0,SZ,2,legnews
2020-11-11,ger,0,0,SZ,2,legnews
2020-11-11,ger,1,0,SZ,4,legnews
2020-11-12,ger,0,0,SZ,7,legnews
2020-11-12,ger,1,0,SZ,1,legnews
2020-11-13,ger,0,0,SZ,5,legnews
2020-11-13,ger,0,1,SZ,1,legnews
2020-11-13,ger,1,0,SZ,2,legnews
2020-11-14,ger,0,0,SZ,10,legnews
2020-11-14,ger,1,0,SZ,1,legnews
2020-11-16,ger,0,0,SZ,4,legnews
2020-11-16,ger,0,1,SZ,1,legnews
2020-11-16,ger,1,0,SZ,1,legnews
2020-11-17,ger,0,0,SZ,6,legnews
2020-11-18,ger,0,0,SZ,4,legnews
2020-11-18,ger,1,0,SZ,1,legnews
2020-11-19,ger,0,0,SZ,5,legnews
2020-11-20,ger,0,0,SZ,1,legnews
2020-11-20,ger,1,0,SZ,2,legnews
2020-11-21,ger,0,0,SZ,9,legnews
2020-11-21,ger,1,0,SZ,1,legnews
2020-11-23,ger,0,0,SZ,1,legnews
2020-11-23,ger,0,1,SZ,1,legnews
2020-11-23,ger,1,0,SZ,1,legnews
2020-11-24,ger,0,0,SZ,9,legnews
2020-11-24,ger,1,0,SZ,2,legnews
2020-11-25,ger,0,0,SZ,5,legnews
2020-11-25,ger,1,0,SZ,2,legnews
2020-11-26,ger,0,0,SZ,3,legnews
2020-11-26,ger,1,0,SZ,3,legnews
2020-11-27,ger,0,0,SZ,2,legnews
2020-11-27,ger,1,0,SZ,1,legnews
2020-11-28,ger,0,0,SZ,6,legnews
2020-11-28,ger,1,0,SZ,2,legnews
2020-11-30,ger,0,0,SZ,4,legnews
2020-11-30,ger,1,0,SZ,3,legnews
2020-12-01,ger,0,0,SZ,4,legnews
2020-12-01,ger,1,0,SZ,2,legnews
2020-12-02,ger,0,0,SZ,2,legnews
2020-12-02,ger,1,0,SZ,1,legnews
2020-12-03,ger,0,0,SZ,6,legnews
2020-12-03,ger,1,0,SZ,1,legnews
2020-12-04,ger,0,0,SZ,4,legnews
2020-12-04,ger,1,0,SZ,2,legnews
2020-12-05,ger,0,0,SZ,7,legnews
2020-12-05,ger,1,0,SZ,1,legnews
2020-12-07,ger,0,0,SZ,3,legnews
2020-12-07,ger,1,0,SZ,2,legnews
2020-12-08,ger,0,0,SZ,1,legnews
2020-12-08,ger,1,0,SZ,3,legnews
2020-12-09,ger,1,0,SZ,3,legnews
2020-12-10,ger,0,0,SZ,4,legnews
2020-12-10,ger,1,0,SZ,1,legnews
2020-12-11,ger,0,0,SZ,3,legnews
2020-12-11,ger,1,0,SZ,1,legnews
2020-12-12,ger,0,0,SZ,8,legnews
2020-12-12,ger,1,0,SZ,1,legnews
2020-12-14,ger,0,0,SZ,3,legnews
2020-12-14,ger,1,0,SZ,3,legnews
2020-12-15,ger,0,0,SZ,3,legnews
2020-12-15,ger,1,0,SZ,1,legnews
2020-12-16,ger,0,0,SZ,2,legnews
2020-12-16,ger,1,0,SZ,1,legnews
2020-12-17,ger,0,0,SZ,4,legnews
2020-12-17,ger,1,0,SZ,1,legnews
2020-12-18,ger,0,0,SZ,3,legnews
2020-12-18,ger,1,0,SZ,1,legnews
2020-12-19,ger,0,0,SZ,8,legnews
2020-12-19,ger,1,0,SZ,3,legnews
2020-12-21,ger,0,0,SZ,3,legnews
2020-12-21,ger,1,0,SZ,4,legnews
2020-12-22,ger,0,0,SZ,3,legnews
2020-12-22,ger,1,0,SZ,2,legnews
2020-12-22,ger,1,1,SZ,1,legnews
2020-12-23,ger,0,0,SZ,2,legnews
2020-12-24,ger,0,0,SZ,12,legnews
2020-12-24,ger,1,0,SZ,2,legnews
2020-12-28,ger,0,0,SZ,4,legnews
2020-12-29,ger,0,0,SZ,6,legnews
2020-12-29,ger,1,0,SZ,2,legnews
2020-12-30,ger,0,0,SZ,4,legnews
2020-12-30,ger,1,0,SZ,5,legnews
2020-12-31,ger,0,0,SZ,9,legnews
2020-12-31,ger,1,0,SZ,2,legnews
2021-01-02,ger,0,0,SZ,4,legnews
2021-01-02,ger,1,0,SZ,3,legnews
2021-01-04,ger,0,0,SZ,6,legnews
2021-01-04,ger,1,0,SZ,1,legnews
2021-01-05,ger,0,0,SZ,5,legnews
2021-01-05,ger,1,0,SZ,3,legnews
2021-01-07,ger,0,0,SZ,2,legnews
2021-01-07,ger,1,0,SZ,1,legnews
2021-01-08,ger,0,0,SZ,6,legnews
2021-01-08,ger,1,0,SZ,2,legnews
2021-01-09,ger,0,0,SZ,10,legnews
2021-01-09,ger,0,1,SZ,1,legnews
2021-01-09,ger,1,0,SZ,2,legnews
2021-01-11,ger,0,0,SZ,6,legnews
2021-01-11,ger,0,1,SZ,1,legnews
2021-01-11,ger,1,0,SZ,1,legnews
2021-01-12,ger,0,0,SZ,2,legnews
2021-01-12,ger,1,0,SZ,1,legnews
2021-01-13,ger,0,0,SZ,1,legnews
2021-01-13,ger,0,1,SZ,1,legnews
2021-01-13,ger,1,0,SZ,3,legnews
2021-01-14,ger,0,0,SZ,4,legnews
2021-01-14,ger,1,1,SZ,1,legnews
2021-01-15,ger,0,0,SZ,4,legnews
2021-01-16,ger,0,0,SZ,2,legnews
2021-01-16,ger,1,0,SZ,3,legnews
2021-02-03,ger,0,1,SZ,1,legnews
2021-02-04,ger,0,0,SZ,2,legnews
2021-02-05,ger,0,0,SZ,6,legnews
2021-02-05,ger,1,0,SZ,2,legnews
2021-02-06,ger,0,0,SZ,12,legnews
2021-02-06,ger,1,0,SZ,1,legnews
2021-02-06,ger,1,1,SZ,1,legnews
2021-02-08,ger,0,0,SZ,4,legnews
2021-02-09,ger,0,0,SZ,5,legnews
2021-02-10,ger,0,0,SZ,4,legnews
2021-02-11,ger,0,0,SZ,4,legnews
2021-02-11,ger,1,0,SZ,2,legnews
2021-02-12,ger,0,0,SZ,2,legnews
2021-02-12,ger,1,0,SZ,2,legnews
2021-02-13,ger,0,0,SZ,5,legnews
2021-02-13,ger,0,1,SZ,1,legnews
2021-02-13,ger,1,0,SZ,3,legnews
2021-02-15,ger,0,0,SZ,1,legnews
2021-02-15,ger,1,0,SZ,1,legnews
2021-02-16,ger,0,0,SZ,2,legnews
2021-02-16,ger,1,0,SZ,2,legnews
2021-02-17,ger,0,0,SZ,6,legnews
2021-02-17,ger,1,0,SZ,3,legnews
2021-02-18,ger,0,0,SZ,4,legnews
2021-02-18,ger,1,0,SZ,3,legnews
2021-02-19,ger,0,0,SZ,5,legnews
2021-02-20,ger,0,0,SZ,6,legnews
2021-02-20,ger,1,0,SZ,4,legnews
2021-02-22,ger,0,0,SZ,2,legnews
2021-02-22,ger,1,0,SZ,1,legnews
2021-02-23,ger,0,0,SZ,1,legnews
2021-02-23,ger,1,0,SZ,2,legnews
2021-07-12,ger,0,0,SZ,1,legnews
2021-07-13,ger,0,0,SZ,3,legnews
2021-07-13,ger,1,0,SZ,1,legnews
2021-07-14,ger,0,0,SZ,8,legnews
2021-07-15,ger,0,0,SZ,4,legnews
2021-07-16,ger,1,0,SZ,1,legnews
2021-07-17,ger,0,0,SZ,5,legnews
2021-07-17,ger,1,0,SZ,1,legnews
2021-07-19,ger,0,0,SZ,6,legnews
2021-07-19,ger,1,0,SZ,2,legnews
2021-07-20,ger,0,0,SZ,4,legnews
2021-07-20,ger,1,0,SZ,3,legnews
2021-07-21,ger,0,0,SZ,3,legnews
2021-07-21,ger,1,0,SZ,1,legnews
2021-07-22,ger,0,0,SZ,4,legnews
2021-07-23,ger,0,0,SZ,5,legnews
2021-07-23,ger,1,0,SZ,1,legnews
2021-07-24,ger,0,0,SZ,7,legnews
2021-07-24,ger,1,0,SZ,4,legnews
2021-07-26,ger,0,0,SZ,5,legnews
2021-07-26,ger,1,0,SZ,2,legnews
2021-07-27,ger,0,0,SZ,2,legnews
2021-07-27,ger,1,0,SZ,2,legnews
2021-07-28,ger,0,0,SZ,1,legnews
2021-07-28,ger,1,0,SZ,1,legnews
2021-07-29,ger,0,0,SZ,6,legnews
2021-07-29,ger,1,0,SZ,1,legnews
2021-07-30,ger,0,0,SZ,6,legnews
2021-07-30,ger,1,0,SZ,1,legnews
2021-07-31,ger,0,0,SZ,4,legnews
2021-07-31,ger,1,0,SZ,2,legnews
2021-08-02,ger,0,0,SZ,3,legnews
